а,bulgarian
автентичен,bulgarian
аз,bulgarian
ако,bulgarian
ала,bulgarian
бе,bulgarian
без,bulgarian
беше,bulgarian
би,bulgarian
бивш,bulgarian
бивша,bulgarian
бившо,bulgarian
бил,bulgarian
била,bulgarian
били,bulgarian
било,bulgarian
благодаря,bulgarian
близо,bulgarian
бъдат,bulgarian
бъде,bulgarian
бяха,bulgarian
в,bulgarian
вас,bulgarian
ваш,bulgarian
ваша,bulgarian
вероятно,bulgarian
вече,bulgarian
взема,bulgarian
ви,bulgarian
вие,bulgarian
винаги,bulgarian
внимава,bulgarian
време,bulgarian
все,bulgarian
всеки,bulgarian
всички,bulgarian
всичко,bulgarian
всяка,bulgarian
във,bulgarian
въпреки,bulgarian
върху,bulgarian
г,bulgarian
ги,bulgarian
главен,bulgarian
главна,bulgarian
главно,bulgarian
глас,bulgarian
го,bulgarian
година,bulgarian
години,bulgarian
годишен,bulgarian
д,bulgarian
да,bulgarian
дали,bulgarian
два,bulgarian
двама,bulgarian
двамата,bulgarian
две,bulgarian
двете,bulgarian
ден,bulgarian
днес,bulgarian
дни,bulgarian
до,bulgarian
добра,bulgarian
добре,bulgarian
добро,bulgarian
добър,bulgarian
докато,bulgarian
докога,bulgarian
дори,bulgarian
досега,bulgarian
доста,bulgarian
друг,bulgarian
друга,bulgarian
други,bulgarian
е,bulgarian
евтин,bulgarian
едва,bulgarian
един,bulgarian
една,bulgarian
еднаква,bulgarian
еднакви,bulgarian
еднакъв,bulgarian
едно,bulgarian
екип,bulgarian
ето,bulgarian
живот,bulgarian
за,bulgarian
забавям,bulgarian
зад,bulgarian
заедно,bulgarian
заради,bulgarian
засега,bulgarian
заспал,bulgarian
затова,bulgarian
защо,bulgarian
защото,bulgarian
и,bulgarian
из,bulgarian
или,bulgarian
им,bulgarian
има,bulgarian
имат,bulgarian
иска,bulgarian
й,bulgarian
каза,bulgarian
как,bulgarian
каква,bulgarian
какво,bulgarian
както,bulgarian
какъв,bulgarian
като,bulgarian
кога,bulgarian
когато,bulgarian
което,bulgarian
които,bulgarian
кой,bulgarian
който,bulgarian
колко,bulgarian
която,bulgarian
къде,bulgarian
където,bulgarian
към,bulgarian
лесен,bulgarian
лесно,bulgarian
ли,bulgarian
лош,bulgarian
м,bulgarian
май,bulgarian
малко,bulgarian
ме,bulgarian
между,bulgarian
мек,bulgarian
мен,bulgarian
месец,bulgarian
ми,bulgarian
много,bulgarian
мнозина,bulgarian
мога,bulgarian
могат,bulgarian
може,bulgarian
мокър,bulgarian
моля,bulgarian
момента,bulgarian
му,bulgarian
н,bulgarian
на,bulgarian
над,bulgarian
назад,bulgarian
най,bulgarian
направи,bulgarian
напред,bulgarian
например,bulgarian
нас,bulgarian
не,bulgarian
него,bulgarian
нещо,bulgarian
нея,bulgarian
ни,bulgarian
ние,bulgarian
никой,bulgarian
нито,bulgarian
нищо,bulgarian
но,bulgarian
нов,bulgarian
нова,bulgarian
нови,bulgarian
новина,bulgarian
някои,bulgarian
някой,bulgarian
няколко,bulgarian
няма,bulgarian
обаче,bulgarian
около,bulgarian
освен,bulgarian
особено,bulgarian
от,bulgarian
отгоре,bulgarian
отново,bulgarian
още,bulgarian
пак,bulgarian
по,bulgarian
повече,bulgarian
повечето,bulgarian
под,bulgarian
поне,bulgarian
поради,bulgarian
после,bulgarian
почти,bulgarian
прави,bulgarian
пред,bulgarian
преди,bulgarian
през,bulgarian
при,bulgarian
пък,bulgarian
първата,bulgarian
първи,bulgarian
първо,bulgarian
пъти,bulgarian
равен,bulgarian
равна,bulgarian
с,bulgarian
са,bulgarian
сам,bulgarian
само,bulgarian
се,bulgarian
сега,bulgarian
си,bulgarian
син,bulgarian
скоро,bulgarian
след,bulgarian
следващ,bulgarian
сме,bulgarian
смях,bulgarian
според,bulgarian
сред,bulgarian
срещу,bulgarian
сте,bulgarian
съм,bulgarian
със,bulgarian
също,bulgarian
т,bulgarian
тази,bulgarian
така,bulgarian
такива,bulgarian
такъв,bulgarian
там,bulgarian
твой,bulgarian
те,bulgarian
тези,bulgarian
ти,bulgarian
т.н.,bulgarian
то,bulgarian
това,bulgarian
тогава,bulgarian
този,bulgarian
той,bulgarian
толкова,bulgarian
точно,bulgarian
три,bulgarian
трябва,bulgarian
тук,bulgarian
тъй,bulgarian
тя,bulgarian
тях,bulgarian
у,bulgarian
утре,bulgarian
харесва,bulgarian
хиляди,bulgarian
ч,bulgarian
часа,bulgarian
че,bulgarian
често,bulgarian
чрез,bulgarian
ще,bulgarian
щом,bulgarian
юмрук,bulgarian
я,bulgarian
як,bulgarian
a,catalan
abans,catalan
algun,catalan
alguna,catalan
algunes,catalan
alguns,catalan
altre,catalan
amb,catalan
ambdós,catalan
anar,catalan
ans,catalan
aquell,catalan
aquelles,catalan
aquells,catalan
aquí,catalan
bastant,catalan
bé,catalan
cada,catalan
com,catalan
consegueixo,catalan
conseguim,catalan
conseguir,catalan
consigueix,catalan
consigueixen,catalan
consigueixes,catalan
dalt,catalan
de,catalan
des de,catalan
dins,catalan
el,catalan
elles,catalan
ells,catalan
els,catalan
en,catalan
ens,catalan
entre,catalan
era,catalan
erem,catalan
eren,catalan
eres,catalan
es,catalan
és,catalan
éssent,catalan
està,catalan
estan,catalan
estat,catalan
estava,catalan
estem,catalan
esteu,catalan
estic,catalan
ets,catalan
fa,catalan
faig,catalan
fan,catalan
fas,catalan
fem,catalan
fer,catalan
feu,catalan
fi,catalan
haver,catalan
i,catalan
inclòs,catalan
jo,catalan
la,catalan
les,catalan
llarg,catalan
llavors,catalan
mentre,catalan
meu,catalan
mode,catalan
molt,catalan
molts,catalan
nosaltres,catalan
o,catalan
on,catalan
per,catalan
per,catalan
per que,catalan
però,catalan
perquè,catalan
podem,catalan
poden,catalan
poder,catalan
podeu,catalan
potser,catalan
primer,catalan
puc,catalan
quan,catalan
quant,catalan
qui,catalan
sabem,catalan
saben,catalan
saber,catalan
sabeu,catalan
sap,catalan
saps,catalan
sense,catalan
ser,catalan
seu,catalan
seus,catalan
si,catalan
soc,catalan
solament,catalan
sols,catalan
som,catalan
sota,catalan
també,catalan
te,catalan
tene,catalan
tenim,catalan
tenir,catalan
teniu,catalan
teu,catalan
tinc,catalan
tot,catalan
últim,catalan
un,catalan
un,catalan
una,catalan
unes,catalan
uns,catalan
ús,catalan
va,catalan
vaig,catalan
van,catalan
vosaltres,catalan
ačkoli,czech
ahoj,czech
ale,czech
anebo,czech
ano,czech
asi,czech
aspoň,czech
během,czech
bez,czech
beze,czech
blízko,czech
bohužel,czech
brzo,czech
bude,czech
budeme,czech
budeš,czech
budete,czech
budou,czech
budu,czech
byl,czech
byla,czech
byli,czech
bylo,czech
byly,czech
bys,czech
čau,czech
chce,czech
chceme,czech
chceš,czech
chcete,czech
chci,czech
chtějí,czech
chtít,czech
chut',czech
chuti,czech
co,czech
čtrnáct,czech
čtyři,czech
dál,czech
dále,czech
daleko,czech
děkovat,czech
děkujeme,czech
děkuji,czech
den,czech
deset,czech
devatenáct,czech
devět,czech
do,czech
dobrý,czech
docela,czech
dva,czech
dvacet,czech
dvanáct,czech
dvě,czech
hodně,czech
já,czech
jak,czech
jde,czech
je,czech
jeden,czech
jedenáct,czech
jedna,czech
jedno,czech
jednou,czech
jedou,czech
jeho,czech
její,czech
jejich,czech
jemu,czech
jen,czech
jenom,czech
ještě,czech
jestli,czech
jestliže,czech
jí,czech
jich,czech
jím,czech
jimi,czech
jinak,czech
jsem,czech
jsi,czech
jsme,czech
jsou,czech
jste,czech
kam,czech
kde,czech
kdo,czech
kdy,czech
když,czech
ke,czech
kolik,czech
kromě,czech
která,czech
které,czech
kteří,czech
který,czech
kvůli,czech
má,czech
mají,czech
málo,czech
mám,czech
máme,czech
máš,czech
máte,czech
mé,czech
mě,czech
mezi,czech
mí,czech
mít,czech
mně,czech
mnou,czech
moc,czech
mohl,czech
mohou,czech
moje,czech
moji,czech
možná,czech
můj,czech
musí,czech
může,czech
my,czech
na,czech
nad,czech
nade,czech
nám,czech
námi,czech
naproti,czech
nás,czech
náš,czech
naše,czech
naši,czech
ne,czech
ně,czech
nebo,czech
nebyl,czech
nebyla,czech
nebyli,czech
nebyly,czech
něco,czech
nedělá,czech
nedělají,czech
nedělám,czech
neděláme,czech
neděláš,czech
neděláte,czech
nějak,czech
nejsi,czech
někde,czech
někdo,czech
nemají,czech
nemáme,czech
nemáte,czech
neměl,czech
němu,czech
není,czech
nestačí,czech
nevadí,czech
než,czech
nic,czech
nich,czech
ním,czech
nimi,czech
nula,czech
od,czech
ode,czech
on,czech
ona,czech
oni,czech
ono,czech
ony,czech
osm,czech
osmnáct,czech
pak,czech
patnáct,czech
pět,czech
po,czech
pořád,czech
potom,czech
pozdě,czech
před,czech
přes,czech
přese,czech
pro,czech
proč,czech
prosím,czech
prostě,czech
proti,czech
protože,czech
rovně,czech
se,czech
sedm,czech
sedmnáct,czech
šest,czech
šestnáct,czech
skoro,czech
smějí,czech
smí,czech
snad,czech
spolu,czech
sta,czech
sté,czech
sto,czech
ta,czech
tady,czech
tak,czech
takhle,czech
taky,czech
tam,czech
tamhle,czech
tamhleto,czech
tamto,czech
tě,czech
tebe,czech
tebou,czech
ted',czech
tedy,czech
ten,czech
ti,czech
tisíc,czech
tisíce,czech
to,czech
tobě,czech
tohle,czech
toto,czech
třeba,czech
tři,czech
třináct,czech
trošku,czech
tvá,czech
tvé,czech
tvoje,czech
tvůj,czech
ty,czech
určitě,czech
už,czech
vám,czech
vámi,czech
vás,czech
váš,czech
vaše,czech
vaši,czech
ve,czech
večer,czech
vedle,czech
vlastně,czech
všechno,czech
všichni,czech
vůbec,czech
vy,czech
vždy,czech
za,czech
zač,czech
zatímco,czech
ze,czech
že,czech
ad,danish
af,danish
alle,danish
alt,danish
anden,danish
at,danish
blev,danish
blive,danish
bliver,danish
da,danish
de,danish
dem,danish
den,danish
denne,danish
der,danish
deres,danish
det,danish
dette,danish
dig,danish
din,danish
disse,danish
dog,danish
du,danish
efter,danish
eller,danish
en,danish
end,danish
er,danish
et,danish
for,danish
fra,danish
ham,danish
han,danish
hans,danish
har,danish
havde,danish
have,danish
hende,danish
hendes,danish
her,danish
hos,danish
hun,danish
hvad,danish
hvis,danish
hvor,danish
i,danish
ikke,danish
ind,danish
jeg,danish
jer,danish
jo,danish
kunne,danish
man,danish
mange,danish
med,danish
meget,danish
men,danish
mig,danish
min,danish
mine,danish
mit,danish
mod,danish
ned,danish
noget,danish
nogle,danish
nu,danish
når,danish
og,danish
også,danish
om,danish
op,danish
os,danish
over,danish
på,danish
selv,danish
sig,danish
sin,danish
sine,danish
sit,danish
skal,danish
skulle,danish
som,danish
sådan,danish
thi,danish
til,danish
ud,danish
under,danish
var,danish
vi,danish
vil,danish
ville,danish
vor,danish
være,danish
været,danish
aan,dutch
al,dutch
alles,dutch
als,dutch
altijd,dutch
andere,dutch
ben,dutch
bij,dutch
daar,dutch
dan,dutch
dat,dutch
de,dutch
der,dutch
deze,dutch
die,dutch
dit,dutch
doch,dutch
doen,dutch
door,dutch
dus,dutch
een,dutch
eens,dutch
en,dutch
er,dutch
ge,dutch
geen,dutch
geweest,dutch
haar,dutch
had,dutch
heb,dutch
hebben,dutch
heeft,dutch
hem,dutch
het,dutch
hier,dutch
hij,dutch
hoe,dutch
hun,dutch
iemand,dutch
iets,dutch
ik,dutch
in,dutch
is,dutch
ja,dutch
je,dutch
kan,dutch
kon,dutch
kunnen,dutch
maar,dutch
me,dutch
meer,dutch
men,dutch
met,dutch
mij,dutch
mijn,dutch
moet,dutch
na,dutch
naar,dutch
niet,dutch
niets,dutch
nog,dutch
nu,dutch
of,dutch
om,dutch
omdat,dutch
onder,dutch
ons,dutch
ook,dutch
op,dutch
over,dutch
reeds,dutch
te,dutch
tegen,dutch
toch,dutch
toen,dutch
tot,dutch
u,dutch
uit,dutch
uw,dutch
van,dutch
veel,dutch
voor,dutch
want,dutch
waren,dutch
was,dutch
wat,dutch
werd,dutch
wezen,dutch
wie,dutch
wil,dutch
worden,dutch
wordt,dutch
zal,dutch
ze,dutch
zelf,dutch
zich,dutch
zij,dutch
zijn,dutch
zo,dutch
zonder,dutch
zou,dutch
'll,english
'tis,english
'twas,english
've,english
10,english
39,english
a,english
a's,english
able,english
ableabout,english
about,english
above,english
abroad,english
abst,english
accordance,english
according,english
accordingly,english
across,english
act,english
actually,english
ad,english
added,english
adj,english
adopted,english
ae,english
af,english
affected,english
affecting,english
affects,english
after,english
afterwards,english
ag,english
again,english
against,english
ago,english
ah,english
ahead,english
ai,english
ain't,english
aint,english
al,english
all,english
allow,english
allows,english
almost,english
alone,english
along,english
alongside,english
already,english
also,english
although,english
always,english
am,english
amid,english
amidst,english
among,english
amongst,english
amoungst,english
amount,english
an,english
and,english
announce,english
another,english
any,english
anybody,english
anyhow,english
anymore,english
anyone,english
anything,english
anyway,english
anyways,english
anywhere,english
ao,english
apart,english
apparently,english
appear,english
appreciate,english
appropriate,english
approximately,english
aq,english
ar,english
are,english
area,english
areas,english
aren,english
aren't,english
arent,english
arise,english
around,english
arpa,english
as,english
aside,english
ask,english
asked,english
asking,english
asks,english
associated,english
at,english
au,english
auth,english
available,english
aw,english
away,english
awfully,english
az,english
b,english
ba,english
back,english
backed,english
backing,english
backs,english
backward,english
backwards,english
bb,english
bd,english
be,english
became,english
because,english
become,english
becomes,english
becoming,english
been,english
before,english
beforehand,english
began,english
begin,english
beginning,english
beginnings,english
begins,english
behind,english
being,english
beings,english
believe,english
below,english
beside,english
besides,english
best,english
better,english
between,english
beyond,english
bf,english
bg,english
bh,english
bi,english
big,english
bill,english
billion,english
biol,english
bj,english
bm,english
bn,english
bo,english
both,english
bottom,english
br,english
brief,english
briefly,english
bs,english
bt,english
but,english
buy,english
bv,english
bw,english
by,english
bz,english
c,english
c'mon,english
c's,english
ca,english
call,english
came,english
can,english
can't,english
cannot,english
cant,english
caption,english
case,english
cases,english
cause,english
causes,english
cc,english
cd,english
certain,english
certainly,english
cf,english
cg,english
ch,english
changes,english
ci,english
ck,english
cl,english
clear,english
clearly,english
click,english
cm,english
cmon,english
cn,english
co,english
co.,english
com,english
come,english
comes,english
computer,english
con,english
concerning,english
consequently,english
consider,english
considering,english
contain,english
containing,english
contains,english
copy,english
corresponding,english
could,english
could've,english
couldn,english
couldn't,english
couldnt,english
course,english
cr,english
cry,english
cs,english
cu,english
currently,english
cv,english
cx,english
cy,english
cz,english
d,english
dare,english
daren't,english
darent,english
date,english
de,english
dear,english
definitely,english
describe,english
described,english
despite,english
detail,english
did,english
didn,english
didn't,english
didnt,english
differ,english
different,english
differently,english
directly,english
dj,english
dk,english
dm,english
do,english
does,english
doesn,english
doesn't,english
doesnt,english
doing,english
don,english
don't,english
done,english
dont,english
doubtful,english
down,english
downed,english
downing,english
downs,english
downwards,english
due,english
during,english
dz,english
e,english
each,english
early,english
ec,english
ed,english
edu,english
ee,english
effect,english
eg,english
eh,english
eight,english
eighty,english
either,english
eleven,english
else,english
elsewhere,english
empty,english
end,english
ended,english
ending,english
ends,english
enough,english
entirely,english
er,english
es,english
especially,english
et,english
et-al,english
etc,english
even,english
evenly,english
ever,english
evermore,english
every,english
everybody,english
everyone,english
everything,english
everywhere,english
ex,english
exactly,english
example,english
except,english
f,english
face,english
faces,english
fact,english
facts,english
fairly,english
far,english
farther,english
felt,english
few,english
fewer,english
ff,english
fi,english
fifteen,english
fifth,english
fifty,english
fify,english
fill,english
find,english
finds,english
fire,english
first,english
five,english
fix,english
fj,english
fk,english
fm,english
fo,english
followed,english
following,english
follows,english
for,english
forever,english
former,english
formerly,english
forth,english
forty,english
forward,english
found,english
four,english
fr,english
free,english
from,english
front,english
full,english
fully,english
further,english
furthered,english
furthering,english
furthermore,english
furthers,english
fx,english
g,english
ga,english
gave,english
gb,english
gd,english
ge,english
general,english
generally,english
get,english
gets,english
getting,english
gf,english
gg,english
gh,english
gi,english
give,english
given,english
gives,english
giving,english
gl,english
gm,english
gmt,english
gn,english
go,english
goes,english
going,english
gone,english
good,english
goods,english
got,english
gotten,english
gov,english
gp,english
gq,english
gr,english
great,english
greater,english
greatest,english
greetings,english
group,english
grouped,english
grouping,english
groups,english
gs,english
gt,english
gu,english
gw,english
gy,english
h,english
had,english
hadn't,english
hadnt,english
half,english
happens,english
hardly,english
has,english
hasn,english
hasn't,english
hasnt,english
have,english
haven,english
haven't,english
havent,english
having,english
he,english
he'd,english
he'll,english
he's,english
hed,english
hell,english
hello,english
help,english
hence,english
her,english
here,english
here's,english
hereafter,english
hereby,english
herein,english
heres,english
hereupon,english
hers,english
herself,english
herse”,english
hes,english
hi,english
hid,english
high,english
higher,english
highest,english
him,english
himself,english
himse”,english
his,english
hither,english
hk,english
hm,english
hn,english
home,english
homepage,english
hopefully,english
how,english
how'd,english
how'll,english
how's,english
howbeit,english
however,english
hr,english
ht,english
htm,english
html,english
http,english
hu,english
hundred,english
i,english
i'd,english
i'll,english
i'm,english
i've,english
i.e.,english
id,english
ie,english
if,english
ignored,english
ii,english
il,english
ill,english
im,english
immediate,english
immediately,english
importance,english
important,english
in,english
inasmuch,english
inc,english
inc.,english
indeed,english
index,english
indicate,english
indicated,english
indicates,english
information,english
inner,english
inside,english
insofar,english
instead,english
int,english
interest,english
interested,english
interesting,english
interests,english
into,english
invention,english
inward,english
io,english
iq,english
ir,english
is,english
isn,english
isn't,english
isnt,english
it,english
it'd,english
it'll,english
it's,english
itd,english
itll,english
its,english
itself,english
itse”,english
ive,english
j,english
je,english
jm,english
jo,english
join,english
jp,english
just,english
k,english
ke,english
keep,english
keeps,english
kept,english
keys,english
kg,english
kh,english
ki,english
kind,english
km,english
kn,english
knew,english
know,english
known,english
knows,english
kp,english
kr,english
kw,english
ky,english
kz,english
l,english
la,english
large,english
largely,english
last,english
lately,english
later,english
latest,english
latter,english
latterly,english
lb,english
lc,english
least,english
length,english
less,english
lest,english
let,english
let's,english
lets,english
li,english
like,english
liked,english
likely,english
likewise,english
line,english
little,english
lk,english
ll,english
long,english
longer,english
longest,english
look,english
looking,english
looks,english
low,english
lower,english
lr,english
ls,english
lt,english
ltd,english
lu,english
lv,english
ly,english
m,english
ma,english
made,english
mainly,english
make,english
makes,english
making,english
man,english
many,english
may,english
maybe,english
mayn't,english
maynt,english
mc,english
md,english
me,english
mean,english
means,english
meantime,english
meanwhile,english
member,english
members,english
men,english
merely,english
mg,english
mh,english
microsoft,english
might,english
might've,english
mightn't,english
mightnt,english
mil,english
mill,english
million,english
mine,english
minus,english
miss,english
mk,english
ml,english
mm,english
mn,english
mo,english
more,english
moreover,english
most,english
mostly,english
move,english
mp,english
mq,english
mr,english
mrs,english
ms,english
msie,english
mt,english
mu,english
much,english
mug,english
must,english
must've,english
mustn't,english
mustnt,english
mv,english
mw,english
mx,english
my,english
myself,english
myse”,english
mz,english
n,english
na,english
name,english
namely,english
nay,english
nc,english
nd,english
ne,english
near,english
nearly,english
necessarily,english
necessary,english
need,english
needed,english
needing,english
needn't,english
neednt,english
needs,english
neither,english
net,english
netscape,english
never,english
neverf,english
neverless,english
nevertheless,english
new,english
newer,english
newest,english
next,english
nf,english
ng,english
ni,english
nine,english
ninety,english
nl,english
no,english
no-one,english
nobody,english
non,english
none,english
nonetheless,english
noone,english
nor,english
normally,english
nos,english
not,english
noted,english
nothing,english
notwithstanding,english
novel,english
now,english
nowhere,english
np,english
nr,english
nu,english
null,english
number,english
numbers,english
nz,english
o,english
obtain,english
obtained,english
obviously,english
of,english
off,english
often,english
oh,english
ok,english
okay,english
old,english
older,english
oldest,english
om,english
omitted,english
on,english
once,english
one,english
one's,english
ones,english
only,english
onto,english
open,english
opened,english
opening,english
opens,english
opposite,english
or,english
ord,english
order,english
ordered,english
ordering,english
orders,english
org,english
other,english
others,english
otherwise,english
ought,english
oughtn't,english
oughtnt,english
our,english
ours,english
ourselves,english
out,english
outside,english
over,english
overall,english
owing,english
own,english
p,english
pa,english
page,english
pages,english
part,english
parted,english
particular,english
particularly,english
parting,english
parts,english
past,english
pe,english
per,english
perhaps,english
pf,english
pg,english
ph,english
pk,english
pl,english
place,english
placed,english
places,english
please,english
plus,english
pm,english
pmid,english
pn,english
point,english
pointed,english
pointing,english
points,english
poorly,english
possible,english
possibly,english
potentially,english
pp,english
pr,english
predominantly,english
present,english
presented,english
presenting,english
presents,english
presumably,english
previously,english
primarily,english
probably,english
problem,english
problems,english
promptly,english
proud,english
provided,english
provides,english
pt,english
put,english
puts,english
pw,english
py,english
q,english
qa,english
que,english
quickly,english
quite,english
qv,english
r,english
ran,english
rather,english
rd,english
re,english
readily,english
really,english
reasonably,english
recent,english
recently,english
ref,english
refs,english
regarding,english
regardless,english
regards,english
related,english
relatively,english
research,english
reserved,english
respectively,english
resulted,english
resulting,english
results,english
right,english
ring,english
ro,english
room,english
rooms,english
round,english
ru,english
run,english
rw,english
s,english
sa,english
said,english
same,english
saw,english
say,english
saying,english
says,english
sb,english
sc,english
sd,english
se,english
sec,english
second,english
secondly,english
seconds,english
section,english
see,english
seeing,english
seem,english
seemed,english
seeming,english
seems,english
seen,english
sees,english
self,english
selves,english
sensible,english
sent,english
serious,english
seriously,english
seven,english
seventy,english
several,english
sg,english
sh,english
shall,english
shan't,english
shant,english
she,english
she'd,english
she'll,english
she's,english
shed,english
shell,english
shes,english
should,english
should've,english
shouldn,english
shouldn't,english
shouldnt,english
show,english
showed,english
showing,english
shown,english
showns,english
shows,english
si,english
side,english
sides,english
significant,english
significantly,english
similar,english
similarly,english
since,english
sincere,english
site,english
six,english
sixty,english
sj,english
sk,english
sl,english
slightly,english
sm,english
small,english
smaller,english
smallest,english
sn,english
so,english
some,english
somebody,english
someday,english
somehow,english
someone,english
somethan,english
something,english
sometime,english
sometimes,english
somewhat,english
somewhere,english
soon,english
sorry,english
specifically,english
specified,english
specify,english
specifying,english
sr,english
st,english
state,english
states,english
still,english
stop,english
strongly,english
su,english
sub,english
substantially,english
successfully,english
such,english
sufficiently,english
suggest,english
sup,english
sure,english
sv,english
sy,english
system,english
sz,english
t,english
t's,english
take,english
taken,english
taking,english
tc,english
td,english
tell,english
ten,english
tends,english
test,english
text,english
tf,english
tg,english
th,english
than,english
thank,english
thanks,english
thanx,english
that,english
that'll,english
that's,english
that've,english
thatll,english
thats,english
thatve,english
the,english
their,english
theirs,english
them,english
themselves,english
then,english
thence,english
there,english
there'd,english
there'll,english
there're,english
there's,english
there've,english
thereafter,english
thereby,english
thered,english
therefore,english
therein,english
therell,english
thereof,english
therere,english
theres,english
thereto,english
thereupon,english
thereve,english
these,english
they,english
they'd,english
they'll,english
they're,english
they've,english
theyd,english
theyll,english
theyre,english
theyve,english
thick,english
thin,english
thing,english
things,english
think,english
thinks,english
third,english
thirty,english
this,english
thorough,english
thoroughly,english
those,english
thou,english
though,english
thoughh,english
thought,english
thoughts,english
thousand,english
three,english
throug,english
through,english
throughout,english
thru,english
thus,english
til,english
till,english
tip,english
tis,english
tj,english
tk,english
tm,english
tn,english
to,english
today,english
together,english
too,english
took,english
top,english
toward,english
towards,english
tp,english
tr,english
tried,english
tries,english
trillion,english
truly,english
try,english
trying,english
ts,english
tt,english
turn,english
turned,english
turning,english
turns,english
tv,english
tw,english
twas,english
twelve,english
twenty,english
twice,english
two,english
tz,english
u,english
ua,english
ug,english
uk,english
um,english
un,english
under,english
underneath,english
undoing,english
unfortunately,english
unless,english
unlike,english
unlikely,english
until,english
unto,english
up,english
upon,english
ups,english
upwards,english
us,english
use,english
used,english
useful,english
usefully,english
usefulness,english
uses,english
using,english
usually,english
uucp,english
uy,english
uz,english
v,english
va,english
value,english
various,english
vc,english
ve,english
versus,english
very,english
vg,english
vi,english
via,english
viz,english
vn,english
vol,english
vols,english
vs,english
vu,english
w,english
want,english
wanted,english
wanting,english
wants,english
was,english
wasn,english
wasn't,english
wasnt,english
way,english
ways,english
we,english
we'd,english
we'll,english
we're,english
we've,english
web,english
webpage,english
website,english
wed,english
welcome,english
well,english
wells,english
went,english
were,english
weren,english
weren't,english
werent,english
weve,english
wf,english
what,english
what'd,english
what'll,english
what's,english
what've,english
whatever,english
whatll,english
whats,english
whatve,english
when,english
when'd,english
when'll,english
when's,english
whence,english
whenever,english
where,english
where'd,english
where'll,english
where's,english
whereafter,english
whereas,english
whereby,english
wherein,english
wheres,english
whereupon,english
wherever,english
whether,english
which,english
whichever,english
while,english
whilst,english
whim,english
whither,english
who,english
who'd,english
who'll,english
who's,english
whod,english
whoever,english
whole,english
wholl,english
whom,english
whomever,english
whos,english
whose,english
why,english
why'd,english
why'll,english
why's,english
widely,english
width,english
will,english
willing,english
wish,english
with,english
within,english
without,english
won,english
won't,english
wonder,english
wont,english
words,english
work,english
worked,english
working,english
works,english
world,english
would,english
would've,english
wouldn,english
wouldn't,english
wouldnt,english
ws,english
www,english
x,english
y,english
ye,english
year,english
years,english
yes,english
yet,english
you,english
you'd,english
you'll,english
you're,english
you've,english
youd,english
youll,english
young,english
younger,english
youngest,english
your,english
youre,english
yours,english
yourself,english
yourselves,english
youve,english
yt,english
yu,english
z,english
za,english
zero,english
zm,english
zr,english
ei,finnish
eivät,finnish
emme,finnish
en,finnish
et,finnish
ette,finnish
että,finnish
he,finnish
heidän,finnish
heidät,finnish
heihin,finnish
heille,finnish
heillä,finnish
heiltä,finnish
heissä,finnish
heistä,finnish
heitä,finnish
hän,finnish
häneen,finnish
hänelle,finnish
hänellä,finnish
häneltä,finnish
hänen,finnish
hänessä,finnish
hänestä,finnish
hänet,finnish
häntä,finnish
itse,finnish
ja,finnish
johon,finnish
joiden,finnish
joihin,finnish
joiksi,finnish
joilla,finnish
joille,finnish
joilta,finnish
joina,finnish
joissa,finnish
joista,finnish
joita,finnish
joka,finnish
joksi,finnish
jolla,finnish
jolle,finnish
jolta,finnish
jona,finnish
jonka,finnish
jos,finnish
jossa,finnish
josta,finnish
jota,finnish
jotka,finnish
kanssa,finnish
keiden,finnish
keihin,finnish
keiksi,finnish
keille,finnish
keillä,finnish
keiltä,finnish
keinä,finnish
keissä,finnish
keistä,finnish
keitä,finnish
keneen,finnish
keneksi,finnish
kenelle,finnish
kenellä,finnish
keneltä,finnish
kenen,finnish
kenenä,finnish
kenessä,finnish
kenestä,finnish
kenet,finnish
ketkä,finnish
ketkä,finnish
ketä,finnish
koska,finnish
kuin,finnish
kuka,finnish
kun,finnish
me,finnish
meidän,finnish
meidät,finnish
meihin,finnish
meille,finnish
meillä,finnish
meiltä,finnish
meissä,finnish
meistä,finnish
meitä,finnish
mihin,finnish
miksi,finnish
mikä,finnish
mille,finnish
millä,finnish
miltä,finnish
minkä,finnish
minkä,finnish
minua,finnish
minulla,finnish
minulle,finnish
minulta,finnish
minun,finnish
minussa,finnish
minusta,finnish
minut,finnish
minuun,finnish
minä,finnish
minä,finnish
missä,finnish
mistä,finnish
mitkä,finnish
mitä,finnish
mukaan,finnish
mutta,finnish
ne,finnish
niiden,finnish
niihin,finnish
niiksi,finnish
niille,finnish
niillä,finnish
niiltä,finnish
niin,finnish
niin,finnish
niinä,finnish
niissä,finnish
niistä,finnish
niitä,finnish
noiden,finnish
noihin,finnish
noiksi,finnish
noilla,finnish
noille,finnish
noilta,finnish
noin,finnish
noina,finnish
noissa,finnish
noista,finnish
noita,finnish
nuo,finnish
nyt,finnish
näiden,finnish
näihin,finnish
näiksi,finnish
näille,finnish
näillä,finnish
näiltä,finnish
näinä,finnish
näissä,finnish
näistä,finnish
näitä,finnish
nämä,finnish
ole,finnish
olemme,finnish
olen,finnish
olet,finnish
olette,finnish
oli,finnish
olimme,finnish
olin,finnish
olisi,finnish
olisimme,finnish
olisin,finnish
olisit,finnish
olisitte,finnish
olisivat,finnish
olit,finnish
olitte,finnish
olivat,finnish
olla,finnish
olleet,finnish
ollut,finnish
on,finnish
ovat,finnish
poikki,finnish
se,finnish
sekä,finnish
sen,finnish
siihen,finnish
siinä,finnish
siitä,finnish
siksi,finnish
sille,finnish
sillä,finnish
sillä,finnish
siltä,finnish
sinua,finnish
sinulla,finnish
sinulle,finnish
sinulta,finnish
sinun,finnish
sinussa,finnish
sinusta,finnish
sinut,finnish
sinuun,finnish
sinä,finnish
sinä,finnish
sitä,finnish
tai,finnish
te,finnish
teidän,finnish
teidät,finnish
teihin,finnish
teille,finnish
teillä,finnish
teiltä,finnish
teissä,finnish
teistä,finnish
teitä,finnish
tuo,finnish
tuohon,finnish
tuoksi,finnish
tuolla,finnish
tuolle,finnish
tuolta,finnish
tuon,finnish
tuona,finnish
tuossa,finnish
tuosta,finnish
tuota,finnish
tähän,finnish
täksi,finnish
tälle,finnish
tällä,finnish
tältä,finnish
tämä,finnish
tämän,finnish
tänä,finnish
tässä,finnish
tästä,finnish
tätä,finnish
vaan,finnish
vai,finnish
vaikka,finnish
yli,finnish
a,french
ai,french
aie,french
aient,french
aies,french
ait,french
alors,french
as,french
au,french
aucun,french
aura,french
aurai,french
auraient,french
aurais,french
aurait,french
auras,french
aurez,french
auriez,french
aurions,french
aurons,french
auront,french
aussi,french
autre,french
aux,french
avaient,french
avais,french
avait,french
avant,french
avec,french
avez,french
aviez,french
avions,french
avoir,french
avons,french
ayant,french
ayez,french
ayons,french
bon,french
car,french
ce,french
ceci,french
cela,french
ces,french
cet,french
cette,french
ceux,french
chaque,french
ci,french
comme,french
comment,french
d,french
dans,french
de,french
dedans,french
dehors,french
depuis,french
des,french
deux,french
devoir,french
devrait,french
devrez,french
devriez,french
devrions,french
devrons,french
devront,french
dois,french
doit,french
donc,french
dos,french
droite,french
du,french
dès,french
début,french
dù,french
elle,french
elles,french
en,french
encore,french
es,french
est,french
et,french
eu,french
eue,french
eues,french
eurent,french
eus,french
eusse,french
eussent,french
eusses,french
eussiez,french
eussions,french
eut,french
eux,french
eûmes,french
eût,french
eûtes,french
faire,french
fais,french
faisez,french
fait,french
faites,french
fois,french
font,french
force,french
furent,french
fus,french
fusse,french
fussent,french
fusses,french
fussiez,french
fussions,french
fut,french
fûmes,french
fût,french
fûtes,french
haut,french
hors,french
ici,french
il,french
ils,french
j,french
je,french
juste,french
l,french
la,french
le,french
les,french
leur,french
leurs,french
lui,french
là,french
m,french
ma,french
maintenant,french
mais,french
me,french
mes,french
moi,french
moins,french
mon,french
mot,french
même,french
n,french
ne,french
ni,french
nom,french
nommé,french
nommée,french
nommés,french
nos,french
notre,french
nous,french
nouveau,french
nouveaux,french
on,french
ont,french
ou,french
où,french
par,french
parce,french
parole,french
pas,french
personne,french
personnes,french
peu,french
peut,french
plupart,french
pour,french
pourquoi,french
qu,french
quand,french
que,french
quel,french
quelle,french
quelles,french
quels,french
qui,french
sa,french
sans,french
se,french
sera,french
serai,french
seraient,french
serais,french
serait,french
seras,french
serez,french
seriez,french
serions,french
serons,french
seront,french
ses,french
seulement,french
si,french
sien,french
soi,french
soient,french
sois,french
soit,french
sommes,french
son,french
sont,french
sous,french
soyez,french
soyons,french
suis,french
sujet,french
sur,french
t,french
ta,french
tandis,french
te,french
tellement,french
tels,french
tes,french
toi,french
ton,french
tous,french
tout,french
trop,french
très,french
tu,french
un,french
une,french
valeur,french
voient,french
vois,french
voit,french
vont,french
vos,french
votre,french
vous,french
vu,french
y,french
à,french
ça,french
étaient,french
étais,french
était,french
étant,french
état,french
étiez,french
étions,french
été,french
étés,french
êtes,french
être,french
aber,german
alle,german
allem,german
allen,german
aller,german
alles,german
als,german
also,german
am,german
an,german
ander,german
andere,german
anderem,german
anderen,german
anderer,german
anderes,german
anderm,german
andern,german
anders,german
auch,german
auf,german
aus,german
bei,german
bin,german
bis,german
bist,german
da,german
damit,german
dann,german
das,german
dass,german
dasselbe,german
dazu,german
daß,german
dein,german
deine,german
deinem,german
deinen,german
deiner,german
deines,german
dem,german
demselben,german
den,german
denn,german
denselben,german
der,german
derer,german
derselbe,german
derselben,german
des,german
desselben,german
dessen,german
dich,german
die,german
dies,german
diese,german
dieselbe,german
dieselben,german
diesem,german
diesen,german
dieser,german
dieses,german
dir,german
doch,german
dort,german
du,german
durch,german
ein,german
eine,german
einem,german
einen,german
einer,german
eines,german
einig,german
einige,german
einigem,german
einigen,german
einiger,german
einiges,german
einmal,german
er,german
es,german
etwas,german
euch,german
euer,german
eure,german
eurem,german
euren,german
eurer,german
eures,german
für,german
gegen,german
gewesen,german
hab,german
habe,german
haben,german
hat,german
hatte,german
hatten,german
hier,german
hin,german
hinter,german
ich,german
ihm,german
ihn,german
ihnen,german
ihr,german
ihre,german
ihrem,german
ihren,german
ihrer,german
ihres,german
im,german
in,german
indem,german
ins,german
ist,german
jede,german
jedem,german
jeden,german
jeder,german
jedes,german
jene,german
jenem,german
jenen,german
jener,german
jenes,german
jetzt,german
kann,german
kein,german
keine,german
keinem,german
keinen,german
keiner,german
keines,german
können,german
könnte,german
machen,german
man,german
manche,german
manchem,german
manchen,german
mancher,german
manches,german
mein,german
meine,german
meinem,german
meinen,german
meiner,german
meines,german
mich,german
mir,german
mit,german
muss,german
musste,german
nach,german
nicht,german
nichts,german
noch,german
nun,german
nur,german
ob,german
oder,german
ohne,german
sehr,german
sein,german
seine,german
seinem,german
seinen,german
seiner,german
seines,german
selbst,german
sich,german
sie,german
sind,german
so,german
solche,german
solchem,german
solchen,german
solcher,german
solches,german
soll,german
sollte,german
sondern,german
sonst,german
um,german
und,german
uns,german
unser,german
unsere,german
unserem,german
unseren,german
unserer,german
unseres,german
unter,german
viel,german
vom,german
von,german
vor,german
war,german
waren,german
warst,german
was,german
weg,german
weil,german
weiter,german
welche,german
welchem,german
welchen,german
welcher,german
welches,german
wenn,german
werde,german
werden,german
wie,german
wieder,german
will,german
wir,german
wird,german
wirst,german
wo,german
wollen,german
wollte,german
während,german
würde,german
würden,german
zu,german
zum,german
zur,german
zwar,german
zwischen,german
über,german
a,hungarian
abban,hungarian
ahhoz,hungarian
ahogy,hungarian
ahol,hungarian
aki,hungarian
akik,hungarian
akkor,hungarian
alatt,hungarian
amely,hungarian
amelyek,hungarian
amelyekben,hungarian
amelyeket,hungarian
amelyet,hungarian
amelynek,hungarian
ami,hungarian
amikor,hungarian
amit,hungarian
amolyan,hungarian
amíg,hungarian
annak,hungarian
arra,hungarian
arról,hungarian
az,hungarian
azok,hungarian
azon,hungarian
azonban,hungarian
azt,hungarian
aztán,hungarian
azután,hungarian
azzal,hungarian
azért,hungarian
be,hungarian
belül,hungarian
benne,hungarian
bár,hungarian
cikk,hungarian
cikkek,hungarian
cikkeket,hungarian
csak,hungarian
de,hungarian
e,hungarian
ebben,hungarian
eddig,hungarian
egy,hungarian
egyes,hungarian
egyetlen,hungarian
egyik,hungarian
egyre,hungarian
egyéb,hungarian
egész,hungarian
ehhez,hungarian
ekkor,hungarian
el,hungarian
ellen,hungarian
elsõ,hungarian
elég,hungarian
elõ,hungarian
elõször,hungarian
elõtt,hungarian
emilyen,hungarian
ennek,hungarian
erre,hungarian
ez,hungarian
ezek,hungarian
ezen,hungarian
ezt,hungarian
ezzel,hungarian
ezért,hungarian
fel,hungarian
felé,hungarian
hanem,hungarian
hiszen,hungarian
hogy,hungarian
hogyan,hungarian
igen,hungarian
ill,hungarian
ill.,hungarian
illetve,hungarian
ilyen,hungarian
ilyenkor,hungarian
ismét,hungarian
ison,hungarian
itt,hungarian
jobban,hungarian
jó,hungarian
jól,hungarian
kell,hungarian
kellett,hungarian
keressünk,hungarian
keresztül,hungarian
ki,hungarian
kívül,hungarian
között,hungarian
közül,hungarian
legalább,hungarian
legyen,hungarian
lehet,hungarian
lehetett,hungarian
lenne,hungarian
lenni,hungarian
lesz,hungarian
lett,hungarian
maga,hungarian
magát,hungarian
majd,hungarian
majd,hungarian
meg,hungarian
mellett,hungarian
mely,hungarian
melyek,hungarian
mert,hungarian
mi,hungarian
mikor,hungarian
milyen,hungarian
minden,hungarian
mindenki,hungarian
mindent,hungarian
mindig,hungarian
mint,hungarian
mintha,hungarian
mit,hungarian
mivel,hungarian
miért,hungarian
most,hungarian
már,hungarian
más,hungarian
másik,hungarian
még,hungarian
míg,hungarian
nagy,hungarian
nagyobb,hungarian
nagyon,hungarian
ne,hungarian
nekem,hungarian
neki,hungarian
nem,hungarian
nincs,hungarian
néha,hungarian
néhány,hungarian
nélkül,hungarian
olyan,hungarian
ott,hungarian
pedig,hungarian
persze,hungarian
rá,hungarian
s,hungarian
saját,hungarian
sem,hungarian
semmi,hungarian
sok,hungarian
sokat,hungarian
sokkal,hungarian
szemben,hungarian
szerint,hungarian
szinte,hungarian
számára,hungarian
talán,hungarian
tehát,hungarian
teljes,hungarian
tovább,hungarian
továbbá,hungarian
több,hungarian
ugyanis,hungarian
utolsó,hungarian
után,hungarian
utána,hungarian
vagy,hungarian
vagyis,hungarian
vagyok,hungarian
valaki,hungarian
valami,hungarian
valamint,hungarian
való,hungarian
van,hungarian
vannak,hungarian
vele,hungarian
vissza,hungarian
viszont,hungarian
volna,hungarian
volt,hungarian
voltak,hungarian
voltam,hungarian
voltunk,hungarian
által,hungarian
általában,hungarian
át,hungarian
én,hungarian
éppen,hungarian
és,hungarian
így,hungarian
õ,hungarian
õk,hungarian
õket,hungarian
össze,hungarian
úgy,hungarian
új,hungarian
újabb,hungarian
újra,hungarian
ada,indonesian
adanya,indonesian
adalah,indonesian
adapun,indonesian
agak,indonesian
agaknya,indonesian
agar,indonesian
akan,indonesian
akankah,indonesian
akhirnya,indonesian
aku,indonesian
akulah,indonesian
amat,indonesian
amatlah,indonesian
anda,indonesian
andalah,indonesian
antar,indonesian
diantaranya,indonesian
antara,indonesian
antaranya,indonesian
diantara,indonesian
apa,indonesian
apaan,indonesian
mengapa,indonesian
apabila,indonesian
apakah,indonesian
apalagi,indonesian
apatah,indonesian
atau,indonesian
ataukah,indonesian
ataupun,indonesian
bagai,indonesian
bagaikan,indonesian
sebagai,indonesian
sebagainya,indonesian
bagaimana,indonesian
bagaimanapun,indonesian
sebagaimana,indonesian
bagaimanakah,indonesian
bagi,indonesian
bahkan,indonesian
bahwa,indonesian
bahwasanya,indonesian
sebaliknya,indonesian
banyak,indonesian
sebanyak,indonesian
beberapa,indonesian
seberapa,indonesian
begini,indonesian
beginian,indonesian
beginikah,indonesian
beginilah,indonesian
sebegini,indonesian
begitu,indonesian
begitukah,indonesian
begitulah,indonesian
begitupun,indonesian
sebegitu,indonesian
belum,indonesian
belumlah,indonesian
sebelum,indonesian
sebelumnya,indonesian
sebenarnya,indonesian
berapa,indonesian
berapakah,indonesian
berapalah,indonesian
berapapun,indonesian
betulkah,indonesian
sebetulnya,indonesian
biasa,indonesian
biasanya,indonesian
bila,indonesian
bilakah,indonesian
bisa,indonesian
bisakah,indonesian
sebisanya,indonesian
boleh,indonesian
bolehkah,indonesian
bolehlah,indonesian
buat,indonesian
bukan,indonesian
bukankah,indonesian
bukanlah,indonesian
bukannya,indonesian
cuma,indonesian
percuma,indonesian
dahulu,indonesian
dalam,indonesian
dan,indonesian
dapat,indonesian
dari,indonesian
daripada,indonesian
dekat,indonesian
demi,indonesian
demikian,indonesian
demikianlah,indonesian
sedemikian,indonesian
dengan,indonesian
depan,indonesian
di,indonesian
dia,indonesian
dialah,indonesian
dini,indonesian
diri,indonesian
dirinya,indonesian
terdiri,indonesian
dong,indonesian
dulu,indonesian
enggak,indonesian
enggaknya,indonesian
entah,indonesian
entahlah,indonesian
terhadap,indonesian
terhadapnya,indonesian
hal,indonesian
hampir,indonesian
hanya,indonesian
hanyalah,indonesian
harus,indonesian
haruslah,indonesian
harusnya,indonesian
seharusnya,indonesian
hendak,indonesian
hendaklah,indonesian
hendaknya,indonesian
hingga,indonesian
sehingga,indonesian
ia,indonesian
ialah,indonesian
ibarat,indonesian
ingin,indonesian
inginkah,indonesian
inginkan,indonesian
ini,indonesian
inikah,indonesian
inilah,indonesian
itu,indonesian
itukah,indonesian
itulah,indonesian
jangan,indonesian
jangankan,indonesian
janganlah,indonesian
jika,indonesian
jikalau,indonesian
juga,indonesian
justru,indonesian
kala,indonesian
kalau,indonesian
kalaulah,indonesian
kalaupun,indonesian
kalian,indonesian
kami,indonesian
kamilah,indonesian
kamu,indonesian
kamulah,indonesian
kan,indonesian
kapan,indonesian
kapankah,indonesian
kapanpun,indonesian
dikarenakan,indonesian
karena,indonesian
karenanya,indonesian
ke,indonesian
kecil,indonesian
kemudian,indonesian
kenapa,indonesian
kepada,indonesian
kepadanya,indonesian
ketika,indonesian
seketika,indonesian
khususnya,indonesian
kini,indonesian
kinilah,indonesian
kiranya,indonesian
sekiranya,indonesian
kita,indonesian
kitalah,indonesian
kok,indonesian
lagi,indonesian
lagian,indonesian
selagi,indonesian
lah,indonesian
lain,indonesian
lainnya,indonesian
melainkan,indonesian
selaku,indonesian
lalu,indonesian
melalui,indonesian
terlalu,indonesian
lama,indonesian
lamanya,indonesian
selama,indonesian
selama,indonesian
selamanya,indonesian
lebih,indonesian
terlebih,indonesian
bermacam,indonesian
macam,indonesian
semacam,indonesian
maka,indonesian
makanya,indonesian
makin,indonesian
malah,indonesian
malahan,indonesian
mampu,indonesian
mampukah,indonesian
mana,indonesian
manakala,indonesian
manalagi,indonesian
masih,indonesian
masihkah,indonesian
semasih,indonesian
masing,indonesian
mau,indonesian
maupun,indonesian
semaunya,indonesian
memang,indonesian
mereka,indonesian
merekalah,indonesian
meski,indonesian
meskipun,indonesian
semula,indonesian
mungkin,indonesian
mungkinkah,indonesian
nah,indonesian
namun,indonesian
nanti,indonesian
nantinya,indonesian
nyaris,indonesian
oleh,indonesian
olehnya,indonesian
seorang,indonesian
seseorang,indonesian
pada,indonesian
padanya,indonesian
padahal,indonesian
paling,indonesian
sepanjang,indonesian
pantas,indonesian
sepantasnya,indonesian
sepantasnyalah,indonesian
para,indonesian
pasti,indonesian
pastilah,indonesian
per,indonesian
pernah,indonesian
pula,indonesian
pun,indonesian
merupakan,indonesian
rupanya,indonesian
serupa,indonesian
saat,indonesian
saatnya,indonesian
sesaat,indonesian
saja,indonesian
sajalah,indonesian
saling,indonesian
bersama,indonesian
sama,indonesian
sesama,indonesian
sambil,indonesian
sampai,indonesian
sana,indonesian
sangat,indonesian
sangatlah,indonesian
saya,indonesian
sayalah,indonesian
se,indonesian
sebab,indonesian
sebabnya,indonesian
sebuah,indonesian
tersebut,indonesian
tersebutlah,indonesian
sedang,indonesian
sedangkan,indonesian
sedikit,indonesian
sedikitnya,indonesian
segala,indonesian
segalanya,indonesian
segera,indonesian
sesegera,indonesian
sejak,indonesian
sejenak,indonesian
sekali,indonesian
sekalian,indonesian
sekalipun,indonesian
sesekali,indonesian
sekaligus,indonesian
sekarang,indonesian
sekarang,indonesian
sekitar,indonesian
sekitarnya,indonesian
sela,indonesian
selain,indonesian
selalu,indonesian
seluruh,indonesian
seluruhnya,indonesian
semakin,indonesian
sementara,indonesian
sempat,indonesian
semua,indonesian
semuanya,indonesian
sendiri,indonesian
sendirinya,indonesian
seolah,indonesian
seperti,indonesian
sepertinya,indonesian
sering,indonesian
seringnya,indonesian
serta,indonesian
siapa,indonesian
siapakah,indonesian
siapapun,indonesian
disini,indonesian
disinilah,indonesian
sini,indonesian
sinilah,indonesian
sesuatu,indonesian
sesuatunya,indonesian
suatu,indonesian
sesudah,indonesian
sesudahnya,indonesian
sudah,indonesian
sudahkah,indonesian
sudahlah,indonesian
supaya,indonesian
tadi,indonesian
tadinya,indonesian
tak,indonesian
tanpa,indonesian
setelah,indonesian
telah,indonesian
tentang,indonesian
tentu,indonesian
tentulah,indonesian
tentunya,indonesian
tertentu,indonesian
seterusnya,indonesian
tapi,indonesian
tetapi,indonesian
setiap,indonesian
tiap,indonesian
setidaknya,indonesian
tidak,indonesian
tidakkah,indonesian
tidaklah,indonesian
toh,indonesian
waduh,indonesian
wah,indonesian
wahai,indonesian
sewaktu,indonesian
walau,indonesian
walaupun,indonesian
wong,indonesian
yaitu,indonesian
yakni,indonesian
yang,indonesian
a,italian
abbia,italian
abbiamo,italian
abbiano,italian
abbiate,italian
ad,italian
adesso,italian
agl,italian
agli,italian
ai,italian
al,italian
all,italian
alla,italian
alle,italian
allo,italian
allora,italian
altre,italian
altri,italian
altro,italian
anche,italian
ancora,italian
avemmo,italian
avendo,italian
avere,italian
avesse,italian
avessero,italian
avessi,italian
avessimo,italian
aveste,italian
avesti,italian
avete,italian
aveva,italian
avevamo,italian
avevano,italian
avevate,italian
avevi,italian
avevo,italian
avrai,italian
avranno,italian
avrebbe,italian
avrebbero,italian
avrei,italian
avremmo,italian
avremo,italian
avreste,italian
avresti,italian
avrete,italian
avrà,italian
avrò,italian
avuta,italian
avute,italian
avuti,italian
avuto,italian
c,italian
che,italian
chi,italian
ci,italian
coi,italian
col,italian
come,italian
con,italian
contro,italian
cui,italian
da,italian
dagl,italian
dagli,italian
dai,italian
dal,italian
dall,italian
dalla,italian
dalle,italian
dallo,italian
degl,italian
degli,italian
dei,italian
del,italian
dell,italian
della,italian
delle,italian
dello,italian
dentro,italian
di,italian
dov,italian
dove,italian
e,italian
ebbe,italian
ebbero,italian
ebbi,italian
ecco,italian
ed,italian
era,italian
erano,italian
eravamo,italian
eravate,italian
eri,italian
ero,italian
essendo,italian
faccia,italian
facciamo,italian
facciano,italian
facciate,italian
faccio,italian
facemmo,italian
facendo,italian
facesse,italian
facessero,italian
facessi,italian
facessimo,italian
faceste,italian
facesti,italian
faceva,italian
facevamo,italian
facevano,italian
facevate,italian
facevi,italian
facevo,italian
fai,italian
fanno,italian
farai,italian
faranno,italian
fare,italian
farebbe,italian
farebbero,italian
farei,italian
faremmo,italian
faremo,italian
fareste,italian
faresti,italian
farete,italian
farà,italian
farò,italian
fece,italian
fecero,italian
feci,italian
fino,italian
fosse,italian
fossero,italian
fossi,italian
fossimo,italian
foste,italian
fosti,italian
fra,italian
fu,italian
fui,italian
fummo,italian
furono,italian
giù,italian
gli,italian
ha,italian
hai,italian
hanno,italian
ho,italian
i,italian
il,italian
in,italian
io,italian
l,italian
la,italian
le,italian
lei,italian
li,italian
lo,italian
loro,italian
lui,italian
ma,italian
me,italian
mi,italian
mia,italian
mie,italian
miei,italian
mio,italian
ne,italian
negl,italian
negli,italian
nei,italian
nel,italian
nell,italian
nella,italian
nelle,italian
nello,italian
no,italian
noi,italian
non,italian
nostra,italian
nostre,italian
nostri,italian
nostro,italian
o,italian
per,italian
perché,italian
però,italian
più,italian
pochi,italian
poco,italian
qua,italian
quale,italian
quanta,italian
quante,italian
quanti,italian
quanto,italian
quasi,italian
quella,italian
quelle,italian
quelli,italian
quello,italian
questa,italian
queste,italian
questi,italian
questo,italian
qui,italian
quindi,italian
sarai,italian
saranno,italian
sarebbe,italian
sarebbero,italian
sarei,italian
saremmo,italian
saremo,italian
sareste,italian
saresti,italian
sarete,italian
sarà,italian
sarò,italian
se,italian
sei,italian
senza,italian
si,italian
sia,italian
siamo,italian
siano,italian
siate,italian
siete,italian
sono,italian
sopra,italian
sotto,italian
sta,italian
stai,italian
stando,italian
stanno,italian
starai,italian
staranno,italian
stare,italian
starebbe,italian
starebbero,italian
starei,italian
staremmo,italian
staremo,italian
stareste,italian
staresti,italian
starete,italian
starà,italian
starò,italian
stava,italian
stavamo,italian
stavano,italian
stavate,italian
stavi,italian
stavo,italian
stemmo,italian
stesse,italian
stessero,italian
stessi,italian
stessimo,italian
stesso,italian
steste,italian
stesti,italian
stette,italian
stettero,italian
stetti,italian
stia,italian
stiamo,italian
stiano,italian
stiate,italian
sto,italian
su,italian
sua,italian
sue,italian
sugl,italian
sugli,italian
sui,italian
sul,italian
sull,italian
sulla,italian
sulle,italian
sullo,italian
suo,italian
suoi,italian
te,italian
ti,italian
tra,italian
tu,italian
tua,italian
tue,italian
tuo,italian
tuoi,italian
tutti,italian
tutto,italian
un,italian
una,italian
uno,italian
vai,italian
vi,italian
voi,italian
vostra,italian
vostre,italian
vostri,italian
vostro,italian
è,italian
ada,malaysian
adakah,malaysian
adakan,malaysian
adalah,malaysian
adanya,malaysian
adapun,malaysian
agak,malaysian
agar,malaysian
akan,malaysian
aku,malaysian
akulah,malaysian
akupun,malaysian
al,malaysian
alangkah,malaysian
allah,malaysian
amat,malaysian
antara,malaysian
antaramu,malaysian
antaranya,malaysian
apa,malaysian
apa-apa,malaysian
apabila,malaysian
apakah,malaysian
apapun,malaysian
atas,malaysian
atasmu,malaysian
atasnya,malaysian
atau,malaysian
ataukah,malaysian
ataupun,malaysian
bagaimana,malaysian
bagaimanakah,malaysian
bagi,malaysian
bagimu,malaysian
baginya,malaysian
bahawa,malaysian
bahawasanya,malaysian
bahkan,malaysian
bahwa,malaysian
banyak,malaysian
banyaknya,malaysian
barangsiapa,malaysian
bawah,malaysian
beberapa,malaysian
begitu,malaysian
begitupun,malaysian
belaka,malaysian
belum,malaysian
belumkah,malaysian
berada,malaysian
berapa,malaysian
berikan,malaysian
beriman,malaysian
berkenaan,malaysian
berupa,malaysian
beserta,malaysian
biarpun,malaysian
bila,malaysian
bilakah,malaysian
bilamana,malaysian
bisa,malaysian
boleh,malaysian
bukan,malaysian
bukankah,malaysian
bukanlah,malaysian
dahulu,malaysian
dalam,malaysian
dalamnya,malaysian
dan,malaysian
dapat,malaysian
dapati,malaysian
dapatkah,malaysian
dapatlah,malaysian
dari,malaysian
daripada,malaysian
daripadaku,malaysian
daripadamu,malaysian
daripadanya,malaysian
demi,malaysian
demikian,malaysian
demikianlah,malaysian
dengan,malaysian
dengannya,malaysian
di,malaysian
dia,malaysian
dialah,malaysian
didapat,malaysian
didapati,malaysian
dimanakah,malaysian
engkau,malaysian
engkaukah,malaysian
engkaulah,malaysian
engkaupun,malaysian
hai,malaysian
hampir,malaysian
hampir-hampir,malaysian
hanya,malaysian
hanyalah,malaysian
hendak,malaysian
hendaklah,malaysian
hingga,malaysian
ia,malaysian
iaitu,malaysian
ialah,malaysian
ianya,malaysian
inginkah,malaysian
ini,malaysian
inikah,malaysian
inilah,malaysian
itu,malaysian
itukah,malaysian
itulah,malaysian
jadi,malaysian
jangan,malaysian
janganlah,malaysian
jika,malaysian
jikalau,malaysian
jua,malaysian
juapun,malaysian
juga,malaysian
kalau,malaysian
kami,malaysian
kamikah,malaysian
kamipun,malaysian
kamu,malaysian
kamukah,malaysian
kamupun,malaysian
katakan,malaysian
ke,malaysian
kecuali,malaysian
kelak,malaysian
kembali,malaysian
kemudian,malaysian
kepada,malaysian
kepadaku,malaysian
kepadakulah,malaysian
kepadamu,malaysian
kepadanya,malaysian
kepadanyalah,malaysian
kerana,malaysian
kerananya,malaysian
kesan,malaysian
ketika,malaysian
kini,malaysian
kita,malaysian
ku,malaysian
kurang,malaysian
lagi,malaysian
lain,malaysian
lalu,malaysian
lamanya,malaysian
langsung,malaysian
lebih,malaysian
maha,malaysian
mahu,malaysian
mahukah,malaysian
mahupun,malaysian
maka,malaysian
malah,malaysian
mana,malaysian
manakah,malaysian
manapun,malaysian
masih,malaysian
masing,malaysian
masing-masing,malaysian
melainkan,malaysian
memang,malaysian
mempunyai,malaysian
mendapat,malaysian
mendapati,malaysian
mendapatkan,malaysian
mengadakan,malaysian
mengapa,malaysian
mengapakah,malaysian
mengenai,malaysian
menjadi,malaysian
menyebabkan,malaysian
menyebabkannya,malaysian
mereka,malaysian
merekalah,malaysian
merekapun,malaysian
meskipun,malaysian
mu,malaysian
nescaya,malaysian
niscaya,malaysian
nya,malaysian
olah,malaysian
oleh,malaysian
orang,malaysian
pada,malaysian
padahal,malaysian
padamu,malaysian
padanya,malaysian
paling,malaysian
para,malaysian
pasti,malaysian
patut,malaysian
patutkah,malaysian
per,malaysian
pergilah,malaysian
perkara,malaysian
perkaranya,malaysian
perlu,malaysian
pernah,malaysian
pertama,malaysian
pula,malaysian
pun,malaysian
sahaja,malaysian
saja,malaysian
saling,malaysian
sama,malaysian
sama-sama,malaysian
samakah,malaysian
sambil,malaysian
sampai,malaysian
sana,malaysian
sangat,malaysian
sangatlah,malaysian
saya,malaysian
se,malaysian
seandainya,malaysian
sebab,malaysian
sebagai,malaysian
sebagaimana,malaysian
sebanyak,malaysian
sebelum,malaysian
sebelummu,malaysian
sebelumnya,malaysian
sebenarnya,malaysian
secara,malaysian
sedang,malaysian
sedangkan,malaysian
sedikit,malaysian
sedikitpun,malaysian
segala,malaysian
sehingga,malaysian
sejak,malaysian
sekalian,malaysian
sekalipun,malaysian
sekarang,malaysian
sekitar,malaysian
selain,malaysian
selalu,malaysian
selama,malaysian
selama-lamanya,malaysian
seluruh,malaysian
seluruhnya,malaysian
sementara,malaysian
semua,malaysian
semuanya,malaysian
semula,malaysian
senantiasa,malaysian
sendiri,malaysian
sentiasa,malaysian
seolah,malaysian
seolah-olah,malaysian
seorangpun,malaysian
separuh,malaysian
sepatutnya,malaysian
seperti,malaysian
seraya,malaysian
sering,malaysian
serta,malaysian
seseorang,malaysian
sesiapa,malaysian
sesuatu,malaysian
sesudah,malaysian
sesudahnya,malaysian
sesungguhnya,malaysian
sesungguhnyakah,malaysian
setelah,malaysian
setiap,malaysian
siapa,malaysian
siapakah,malaysian
sini,malaysian
situ,malaysian
situlah,malaysian
suatu,malaysian
sudah,malaysian
sudahkah,malaysian
sungguh,malaysian
sungguhpun,malaysian
supaya,malaysian
tadinya,malaysian
tahukah,malaysian
tak,malaysian
tanpa,malaysian
tanya,malaysian
tanyakanlah,malaysian
tapi,malaysian
telah,malaysian
tentang,malaysian
tentu,malaysian
terdapat,malaysian
terhadap,malaysian
terhadapmu,malaysian
termasuk,malaysian
terpaksa,malaysian
tertentu,malaysian
tetapi,malaysian
tiada,malaysian
tiadakah,malaysian
tiadalah,malaysian
tiap,malaysian
tiap-tiap,malaysian
tidak,malaysian
tidakkah,malaysian
tidaklah,malaysian
turut,malaysian
untuk,malaysian
untukmu,malaysian
wahai,malaysian
walau,malaysian
walaupun,malaysian
ya,malaysian
yaini,malaysian
yaitu,malaysian
yakni,malaysian
yang,malaysian
alle,norwegian
at,norwegian
av,norwegian
bare,norwegian
begge,norwegian
ble,norwegian
blei,norwegian
bli,norwegian
blir,norwegian
blitt,norwegian
både,norwegian
båe,norwegian
da,norwegian
de,norwegian
deg,norwegian
dei,norwegian
deim,norwegian
deira,norwegian
deires,norwegian
dem,norwegian
den,norwegian
denne,norwegian
der,norwegian
dere,norwegian
deres,norwegian
det,norwegian
dette,norwegian
di,norwegian
din,norwegian
disse,norwegian
ditt,norwegian
du,norwegian
dykk,norwegian
dykkar,norwegian
då,norwegian
eg,norwegian
ein,norwegian
eit,norwegian
eitt,norwegian
eller,norwegian
elles,norwegian
en,norwegian
enn,norwegian
er,norwegian
et,norwegian
ett,norwegian
etter,norwegian
for,norwegian
fordi,norwegian
fra,norwegian
før,norwegian
ha,norwegian
hadde,norwegian
han,norwegian
hans,norwegian
har,norwegian
hennar,norwegian
henne,norwegian
hennes,norwegian
her,norwegian
hjå,norwegian
ho,norwegian
hoe,norwegian
honom,norwegian
hoss,norwegian
hossen,norwegian
hun,norwegian
hva,norwegian
hvem,norwegian
hver,norwegian
hvilke,norwegian
hvilken,norwegian
hvis,norwegian
hvor,norwegian
hvordan,norwegian
hvorfor,norwegian
i,norwegian
ikke,norwegian
ikkje,norwegian
ingen,norwegian
ingi,norwegian
inkje,norwegian
inn,norwegian
inni,norwegian
ja,norwegian
jeg,norwegian
kan,norwegian
kom,norwegian
korleis,norwegian
korso,norwegian
kun,norwegian
kunne,norwegian
kva,norwegian
kvar,norwegian
kvarhelst,norwegian
kven,norwegian
kvi,norwegian
kvifor,norwegian
man,norwegian
mange,norwegian
me,norwegian
med,norwegian
medan,norwegian
meg,norwegian
meget,norwegian
mellom,norwegian
men,norwegian
mi,norwegian
min,norwegian
mine,norwegian
mitt,norwegian
mot,norwegian
mykje,norwegian
ned,norwegian
no,norwegian
noe,norwegian
noen,norwegian
noka,norwegian
noko,norwegian
nokon,norwegian
nokor,norwegian
nokre,norwegian
nå,norwegian
når,norwegian
og,norwegian
også,norwegian
om,norwegian
opp,norwegian
oss,norwegian
over,norwegian
på,norwegian
samme,norwegian
seg,norwegian
selv,norwegian
si,norwegian
sia,norwegian
sidan,norwegian
siden,norwegian
sin,norwegian
sine,norwegian
sitt,norwegian
sjøl,norwegian
skal,norwegian
skulle,norwegian
slik,norwegian
so,norwegian
som,norwegian
somme,norwegian
somt,norwegian
så,norwegian
sånn,norwegian
til,norwegian
um,norwegian
upp,norwegian
ut,norwegian
uten,norwegian
var,norwegian
vart,norwegian
varte,norwegian
ved,norwegian
vere,norwegian
verte,norwegian
vi,norwegian
vil,norwegian
ville,norwegian
vore,norwegian
vors,norwegian
vort,norwegian
være,norwegian
vært,norwegian
vår,norwegian
å,norwegian
a,polish
aby,polish
ach,polish
acz,polish
aczkolwiek,polish
aj,polish
albo,polish
ale,polish
ależ,polish
ani,polish
aż,polish
bardziej,polish
bardzo,polish
bez,polish
bo,polish
bowiem,polish
by,polish
byli,polish
bym,polish
bynajmniej,polish
być,polish
był,polish
była,polish
było,polish
były,polish
będzie,polish
będą,polish
cali,polish
cała,polish
cały,polish
chce,polish
choć,polish
ci,polish
ciebie,polish
cię,polish
co,polish
cokolwiek,polish
coraz,polish
coś,polish
czasami,polish
czasem,polish
czemu,polish
czy,polish
czyli,polish
często,polish
daleko,polish
dla,polish
dlaczego,polish
dlatego,polish
do,polish
dobrze,polish
dokąd,polish
dość,polish
dr,polish
duå¼o,polish
dużo,polish
dwa,polish
dwaj,polish
dwie,polish
dwoje,polish
dzisiaj,polish
dziś,polish
gdy,polish
gdyby,polish
gdyż,polish
gdzie,polish
gdziekolwiek,polish
gdzieś,polish
go,polish
godz,polish
hab,polish
i,polish
ich,polish
ii,polish
iii,polish
ile,polish
im,polish
inna,polish
inne,polish
inny,polish
innych,polish
inż,polish
iv,polish
ix,polish
iż,polish
ja,polish
jak,polish
jakaś,polish
jakby,polish
jaki,polish
jakichś,polish
jakie,polish
jakiś,polish
jakiż,polish
jakkolwiek,polish
jako,polish
jakoś,polish
je,polish
jeden,polish
jedna,polish
jednak,polish
jednakże,polish
jedno,polish
jednym,polish
jedynie,polish
jego,polish
jej,polish
jemu,polish
jest,polish
jestem,polish
jeszcze,polish
jeå¼eli,polish
jeå›li,polish
jeśli,polish
jeżeli,polish
juå¼,polish
już,polish
jä…,polish
ją,polish
kaå¼dy,polish
każdy,polish
kiedy,polish
kierunku,polish
kilka,polish
kilku,polish
kimś,polish
kto,polish
ktokolwiek,polish
ktoś,polish
która,polish
które,polish
którego,polish
której,polish
który,polish
których,polish
którym,polish
którzy,polish
ku,polish
lat,polish
lecz,polish
lub,polish
ma,polish
mają,polish
mam,polish
mamy,polish
mało,polish
mgr,polish
mi,polish
miał,polish
mimo,polish
między,polish
mnie,polish
mną,polish
mogą,polish
moi,polish
moim,polish
moja,polish
moje,polish
może,polish
możliwe,polish
można,polish
mu,polish
musi,polish
my,polish
mój,polish
na,polish
nad,polish
nam,polish
nami,polish
nas,polish
nasi,polish
nasz,polish
nasza,polish
nasze,polish
naszego,polish
naszych,polish
natomiast,polish
natychmiast,polish
nawet,polish
nic,polish
nich,polish
nie,polish
niech,polish
niego,polish
niej,polish
niemu,polish
nigdy,polish
nim,polish
nimi,polish
nią,polish
niż,polish
no,polish
nowe,polish
np,polish
nr,polish
o,polish
o.o.,polish
obok,polish
od,polish
ok,polish
około,polish
on,polish
ona,polish
one,polish
oni,polish
ono,polish
oraz,polish
oto,polish
owszem,polish
pan,polish
pana,polish
pani,polish
pl,polish
po,polish
pod,polish
podczas,polish
pomimo,polish
ponad,polish
ponieważ,polish
powinien,polish
powinna,polish
powinni,polish
powinno,polish
poza,polish
prawie,polish
prof,polish
przecież,polish
przed,polish
przede,polish
przedtem,polish
przez,polish
przy,polish
raz,polish
razie,polish
roku,polish
również,polish
sam,polish
sama,polish
się,polish
skąd,polish
sobie,polish
sobą,polish
sposób,polish
swoje,polish
są,polish
ta,polish
tak,polish
taka,polish
taki,polish
takich,polish
takie,polish
także,polish
tam,polish
te,polish
tego,polish
tej,polish
tel,polish
temu,polish
ten,polish
teraz,polish
też,polish
to,polish
tobie,polish
tobą,polish
toteż,polish
totobą,polish
trzeba,polish
tu,polish
tutaj,polish
twoi,polish
twoim,polish
twoja,polish
twoje,polish
twym,polish
twój,polish
ty,polish
tych,polish
tylko,polish
tym,polish
tys,polish
tzw,polish
tę,polish
u,polish
ul,polish
vi,polish
vii,polish
viii,polish
vol,polish
w,polish
wam,polish
wami,polish
was,polish
wasi,polish
wasz,polish
wasza,polish
wasze,polish
we,polish
według,polish
wie,polish
wiele,polish
wielu,polish
więc,polish
więcej,polish
wszyscy,polish
wszystkich,polish
wszystkie,polish
wszystkim,polish
wszystko,polish
wtedy,polish
www,polish
wy,polish
właśnie,polish
wśród,polish
xi,polish
xii,polish
xiii,polish
xiv,polish
xv,polish
z,polish
za,polish
zapewne,polish
zawsze,polish
zaś,polish
ze,polish
zeznowu,polish
znowu,polish
znów,polish
został,polish
zł,polish
żaden,polish
żadna,polish
żadne,polish
żadnych,polish
że,polish
żeby,polish
a,portuguese
ao,portuguese
aos,portuguese
aquela,portuguese
aquelas,portuguese
aquele,portuguese
aqueles,portuguese
aquilo,portuguese
as,portuguese
até,portuguese
com,portuguese
como,portuguese
da,portuguese
das,portuguese
de,portuguese
dela,portuguese
delas,portuguese
dele,portuguese
deles,portuguese
depois,portuguese
do,portuguese
dos,portuguese
e,portuguese
ela,portuguese
elas,portuguese
ele,portuguese
eles,portuguese
em,portuguese
entre,portuguese
era,portuguese
eram,portuguese
essa,portuguese
essas,portuguese
esse,portuguese
esses,portuguese
esta,portuguese
estamos,portuguese
estas,portuguese
estava,portuguese
estavam,portuguese
este,portuguese
esteja,portuguese
estejam,portuguese
estejamos,portuguese
estes,portuguese
esteve,portuguese
estive,portuguese
estivemos,portuguese
estiver,portuguese
estivera,portuguese
estiveram,portuguese
estiverem,portuguese
estivermos,portuguese
estivesse,portuguese
estivessem,portuguese
estivéramos,portuguese
estivéssemos,portuguese
estou,portuguese
está,portuguese
estávamos,portuguese
estão,portuguese
eu,portuguese
foi,portuguese
fomos,portuguese
for,portuguese
fora,portuguese
foram,portuguese
forem,portuguese
formos,portuguese
fosse,portuguese
fossem,portuguese
fui,portuguese
fôramos,portuguese
fôssemos,portuguese
haja,portuguese
hajam,portuguese
hajamos,portuguese
havemos,portuguese
hei,portuguese
houve,portuguese
houvemos,portuguese
houver,portuguese
houvera,portuguese
houveram,portuguese
houverei,portuguese
houverem,portuguese
houveremos,portuguese
houveria,portuguese
houveriam,portuguese
houvermos,portuguese
houverá,portuguese
houverão,portuguese
houveríamos,portuguese
houvesse,portuguese
houvessem,portuguese
houvéramos,portuguese
houvéssemos,portuguese
há,portuguese
hão,portuguese
isso,portuguese
isto,portuguese
já,portuguese
lhe,portuguese
lhes,portuguese
mais,portuguese
mas,portuguese
me,portuguese
mesmo,portuguese
meu,portuguese
meus,portuguese
minha,portuguese
minhas,portuguese
muito,portuguese
na,portuguese
nas,portuguese
nem,portuguese
no,portuguese
nos,portuguese
nossa,portuguese
nossas,portuguese
nosso,portuguese
nossos,portuguese
num,portuguese
numa,portuguese
não,portuguese
nós,portuguese
o,portuguese
os,portuguese
ou,portuguese
para,portuguese
pela,portuguese
pelas,portuguese
pelo,portuguese
pelos,portuguese
por,portuguese
qual,portuguese
quando,portuguese
que,portuguese
quem,portuguese
se,portuguese
seja,portuguese
sejam,portuguese
sejamos,portuguese
sem,portuguese
serei,portuguese
seremos,portuguese
seria,portuguese
seriam,portuguese
será,portuguese
serão,portuguese
seríamos,portuguese
seu,portuguese
seus,portuguese
somos,portuguese
sou,portuguese
sua,portuguese
suas,portuguese
são,portuguese
só,portuguese
também,portuguese
te,portuguese
tem,portuguese
temos,portuguese
tenha,portuguese
tenham,portuguese
tenhamos,portuguese
tenho,portuguese
terei,portuguese
teremos,portuguese
teria,portuguese
teriam,portuguese
terá,portuguese
terão,portuguese
teríamos,portuguese
teu,portuguese
teus,portuguese
teve,portuguese
tinha,portuguese
tinham,portuguese
tive,portuguese
tivemos,portuguese
tiver,portuguese
tivera,portuguese
tiveram,portuguese
tiverem,portuguese
tivermos,portuguese
tivesse,portuguese
tivessem,portuguese
tivéramos,portuguese
tivéssemos,portuguese
tu,portuguese
tua,portuguese
tuas,portuguese
tém,portuguese
tínhamos,portuguese
um,portuguese
uma,portuguese
você,portuguese
vocês,portuguese
vos,portuguese
à,portuguese
às,portuguese
éramos,portuguese
vreo,romanian
acelea,romanian
cata,romanian
cita,romanian
degraba,romanian
lor,romanian
alta,romanian
tot,romanian
ai,romanian
dat,romanian
despre,romanian
peste,romanian
bine,romanian
dar,romanian
foarte,romanian
avea,romanian
multi,romanian
cit,romanian
cat,romanian
alt,romanian
mai,romanian
sa,romanian
fie,romanian
tu,romanian
intrucat,romanian
multe,romanian
orice,romanian
dintr,romanian
dintre,romanian
dintr-o,romanian
dintr-un,romanian
se,romanian
intr,romanian
intr-o,romanian
intr-un,romanian
niste,romanian
multa,romanian
insa,romanian
il,romanian
fost,romanian
a,romanian
abia,romanian
nimic,romanian
sub,romanian
acel,romanian
in,romanian
altceva,romanian
si,romanian
avem,romanian
altfel,romanian
c,romanian
ea,romanian
acest,romanian
li,romanian
parca,romanian
fi,romanian
dintre,romanian
unele,romanian
m,romanian
acestei,romanian
mare,romanian
cel,romanian
este,romanian
pe,romanian
atitia,romanian
atatia,romanian
uneori,romanian
acela,romanian
iti,romanian
astazi,romanian
acestui,romanian
o,romanian
imi,romanian
ele,romanian
ceilalti,romanian
pai,romanian
fata,romanian
noua,romanian
sa-ti,romanian
altul,romanian
au,romanian
i,romanian
prin,romanian
conform,romanian
aceste,romanian
anume,romanian
azi,romanian
k,romanian
unul,romanian
ala,romanian
unei,romanian
fara,romanian
ei,romanian
la,romanian
aceeasi,romanian
u,romanian
inapoi,romanian
acestea,romanian
acesta,romanian
aceasta,romanian
catre,romanian
sale,romanian
asupra,romanian
as,romanian
aceea,romanian
ba,romanian
ale,romanian
da,romanian
le,romanian
apoi,romanian
aia,romanian
suntem,romanian
cum,romanian
isi,romanian
inainte,romanian
s,romanian
de,romanian
cind,romanian
cand,romanian
cumva,romanian
chiar,romanian
acestia,romanian
daca,romanian
sunt,romanian
care,romanian
al,romanian
numai,romanian
cui,romanian
sus,romanian
tocmai,romanian
prea,romanian
cu,romanian
mi,romanian
eu,romanian
doar,romanian
niciodata,romanian
nicidecum,romanian
exact,romanian
putini,romanian
aiurea,romanian
tuturor,romanian
celor,romanian
astfel,romanian
atunci,romanian
citeva,romanian
cateva,romanian
cat,romanian
ca,romanian
sau,romanian
fel,romanian
intre,romanian
acolo,romanian
nostri,romanian
ma,romanian
mult,romanian
una,romanian
ceea,romanian
iar,romanian
iara,romanian
sintem,romanian
suntem,romanian
ati,romanian
din,romanian
geaba,romanian
sai,romanian
caruia,romanian
adica,romanian
inca,romanian
are,romanian
aici,romanian
ca,romanian
ia,romanian
nici,romanian
d,romanian
oricum,romanian
asta,romanian
carora,romanian
face,romanian
citiva,romanian
cativa,romanian
voi,romanian
unor,romanian
f,romanian
atat,romanian
toata,romanian
alaturi,romanian
cea,romanian
nu,romanian
totusi,romanian
ce,romanian
altii,romanian
acum,romanian
sint,romanian
sunt,romanian
capat,romanian
mod,romanian
deasupra,romanian
cam,romanian
vom,romanian
b,romanian
toate,romanian
careia,romanian
aceasta,romanian
atit,romanian
atat,romanian
nimeni,romanian
ii,romanian
ci,romanian
unde,romanian
ul,romanian
plus,romanian
era,romanian
sa-mi,romanian
l,romanian
spre,romanian
dupa,romanian
nou,romanian
cele,romanian
acea,romanian
un,romanian
incit,romanian
incat,romanian
n,romanian
cei,romanian
or,romanian
va,romanian
deci,romanian
acelasi,romanian
atatea,romanian
h,romanian
vor,romanian
decit,romanian
decat,romanian
noi,romanian
cineva,romanian
desi,romanian
ceva,romanian
j,romanian
ului,romanian
atitea,romanian
atatea,romanian
avut,romanian
ar,romanian
pina,romanian
pana,romanian
t,romanian
atata,romanian
unui,romanian
el,romanian
citi,romanian
asa,romanian
totul,romanian
pentru,romanian
atita,romanian
v,romanian
alti,romanian
asemenea,romanian
atatia,romanian
te,romanian
ne,romanian
deja,romanian
unii,romanian
p,romanian
atare,romanian
cite,romanian
cate,romanian
cine,romanian
cand,romanian
toti,romanian
vreun,romanian
ori,romanian
r,romanian
alte,romanian
lui,romanian
ti,romanian
ni,romanian
aceia,romanian
am,romanian
a,slovak
aby,slovak
aj,slovak
ak,slovak
ako,slovak
ale,slovak
alebo,slovak
and,slovak
ani,slovak
áno,slovak
asi,slovak
až,slovak
bez,slovak
bude,slovak
budem,slovak
budeš,slovak
budeme,slovak
budete,slovak
budú,slovak
by,slovak
bol,slovak
bola,slovak
boli,slovak
bolo,slovak
byť,slovak
cez,slovak
čo,slovak
či,slovak
ďalší,slovak
ďalšia,slovak
ďalšie,slovak
dnes,slovak
do,slovak
ho,slovak
ešte,slovak
for,slovak
i,slovak
ja,slovak
je,slovak
jeho,slovak
jej,slovak
ich,slovak
iba,slovak
iné,slovak
iný,slovak
som,slovak
si,slovak
sme,slovak
sú,slovak
k,slovak
kam,slovak
každý,slovak
každá,slovak
každé,slovak
každí,slovak
kde,slovak
keď,slovak
kto,slovak
ktorá,slovak
ktoré,slovak
ktorou,slovak
ktorý,slovak
ktorí,slovak
ku,slovak
lebo,slovak
len,slovak
ma,slovak
mať,slovak
má,slovak
máte,slovak
medzi,slovak
mi,slovak
mna,slovak
mne,slovak
mnou,slovak
musieť,slovak
môcť,slovak
môj,slovak
môže,slovak
my,slovak
na,slovak
nad,slovak
nám,slovak
náš,slovak
naši,slovak
nie,slovak
nech,slovak
než,slovak
nič,slovak
niektorý,slovak
nové,slovak
nový,slovak
nová,slovak
nové,slovak
noví,slovak
o,slovak
od,slovak
odo,slovak
of,slovak
on,slovak
ona,slovak
ono,slovak
oni,slovak
ony,slovak
po,slovak
pod,slovak
podľa,slovak
pokiaľ,slovak
potom,slovak
práve,slovak
pre,slovak
prečo,slovak
preto,slovak
pretože,slovak
prvý,slovak
prvá,slovak
prvé,slovak
prví,slovak
pred,slovak
predo,slovak
pri,slovak
pýta,slovak
s,slovak
sa,slovak
so,slovak
si,slovak
svoje,slovak
svoj,slovak
svojich,slovak
svojím,slovak
svojími,slovak
ta,slovak
tak,slovak
takže,slovak
táto,slovak
teda,slovak
te,slovak
tě,slovak
ten,slovak
tento,slovak
the,slovak
tieto,slovak
tým,slovak
týmto,slovak
tiež,slovak
to,slovak
toto,slovak
toho,slovak
tohoto,slovak
tom,slovak
tomto,slovak
tomuto,slovak
toto,slovak
tu,slovak
tú,slovak
túto,slovak
tvoj,slovak
ty,slovak
tvojími,slovak
už,slovak
v,slovak
vám,slovak
váš,slovak
vaše,slovak
vo,slovak
viac,slovak
však,slovak
všetok,slovak
vy,slovak
z,slovak
za,slovak
zo,slovak
že,slovak
a,spanish
al,spanish
algo,spanish
algunas,spanish
algunos,spanish
ante,spanish
antes,spanish
como,spanish
con,spanish
contra,spanish
cual,spanish
cuando,spanish
de,spanish
del,spanish
desde,spanish
donde,spanish
durante,spanish
e,spanish
el,spanish
ella,spanish
ellas,spanish
ellos,spanish
en,spanish
entre,spanish
era,spanish
erais,spanish
eran,spanish
eras,spanish
eres,spanish
es,spanish
esa,spanish
esas,spanish
ese,spanish
eso,spanish
esos,spanish
esta,spanish
estaba,spanish
estabais,spanish
estaban,spanish
estabas,spanish
estad,spanish
estada,spanish
estadas,spanish
estado,spanish
estados,spanish
estamos,spanish
estando,spanish
estar,spanish
estaremos,spanish
estará,spanish
estarán,spanish
estarás,spanish
estaré,spanish
estaréis,spanish
estaría,spanish
estaríais,spanish
estaríamos,spanish
estarían,spanish
estarías,spanish
estas,spanish
este,spanish
estemos,spanish
esto,spanish
estos,spanish
estoy,spanish
estuve,spanish
estuviera,spanish
estuvierais,spanish
estuvieran,spanish
estuvieras,spanish
estuvieron,spanish
estuviese,spanish
estuvieseis,spanish
estuviesen,spanish
estuvieses,spanish
estuvimos,spanish
estuviste,spanish
estuvisteis,spanish
estuviéramos,spanish
estuviésemos,spanish
estuvo,spanish
está,spanish
estábamos,spanish
estáis,spanish
están,spanish
estás,spanish
esté,spanish
estéis,spanish
estén,spanish
estés,spanish
fue,spanish
fuera,spanish
fuerais,spanish
fueran,spanish
fueras,spanish
fueron,spanish
fuese,spanish
fueseis,spanish
fuesen,spanish
fueses,spanish
fui,spanish
fuimos,spanish
fuiste,spanish
fuisteis,spanish
fuéramos,spanish
fuésemos,spanish
ha,spanish
habida,spanish
habidas,spanish
habido,spanish
habidos,spanish
habiendo,spanish
habremos,spanish
habrá,spanish
habrán,spanish
habrás,spanish
habré,spanish
habréis,spanish
habría,spanish
habríais,spanish
habríamos,spanish
habrían,spanish
habrías,spanish
habéis,spanish
había,spanish
habíais,spanish
habíamos,spanish
habían,spanish
habías,spanish
han,spanish
has,spanish
hasta,spanish
hay,spanish
haya,spanish
hayamos,spanish
hayan,spanish
hayas,spanish
hayáis,spanish
he,spanish
hemos,spanish
hube,spanish
hubiera,spanish
hubierais,spanish
hubieran,spanish
hubieras,spanish
hubieron,spanish
hubiese,spanish
hubieseis,spanish
hubiesen,spanish
hubieses,spanish
hubimos,spanish
hubiste,spanish
hubisteis,spanish
hubiéramos,spanish
hubiésemos,spanish
hubo,spanish
la,spanish
las,spanish
le,spanish
les,spanish
lo,spanish
los,spanish
me,spanish
mi,spanish
mis,spanish
mucho,spanish
muchos,spanish
muy,spanish
más,spanish
mí,spanish
mía,spanish
mías,spanish
mío,spanish
míos,spanish
nada,spanish
ni,spanish
no,spanish
nos,spanish
nosotras,spanish
nosotros,spanish
nuestra,spanish
nuestras,spanish
nuestro,spanish
nuestros,spanish
o,spanish
os,spanish
otra,spanish
otras,spanish
otro,spanish
otros,spanish
para,spanish
pero,spanish
poco,spanish
por,spanish
porque,spanish
que,spanish
quien,spanish
quienes,spanish
qué,spanish
se,spanish
sea,spanish
seamos,spanish
sean,spanish
seas,spanish
seremos,spanish
será,spanish
serán,spanish
serás,spanish
seré,spanish
seréis,spanish
sería,spanish
seríais,spanish
seríamos,spanish
serían,spanish
serías,spanish
seáis,spanish
sido,spanish
siendo,spanish
sin,spanish
sobre,spanish
sois,spanish
somos,spanish
son,spanish
soy,spanish
su,spanish
sus,spanish
suya,spanish
suyas,spanish
suyo,spanish
suyos,spanish
sí,spanish
también,spanish
tanto,spanish
te,spanish
tendremos,spanish
tendrá,spanish
tendrán,spanish
tendrás,spanish
tendré,spanish
tendréis,spanish
tendría,spanish
tendríais,spanish
tendríamos,spanish
tendrían,spanish
tendrías,spanish
tened,spanish
tenemos,spanish
tenga,spanish
tengamos,spanish
tengan,spanish
tengas,spanish
tengo,spanish
tengáis,spanish
tenida,spanish
tenidas,spanish
tenido,spanish
tenidos,spanish
teniendo,spanish
tenéis,spanish
tenía,spanish
teníais,spanish
teníamos,spanish
tenían,spanish
tenías,spanish
ti,spanish
tiene,spanish
tienen,spanish
tienes,spanish
todo,spanish
todos,spanish
tu,spanish
tus,spanish
tuve,spanish
tuviera,spanish
tuvierais,spanish
tuvieran,spanish
tuvieras,spanish
tuvieron,spanish
tuviese,spanish
tuvieseis,spanish
tuviesen,spanish
tuvieses,spanish
tuvimos,spanish
tuviste,spanish
tuvisteis,spanish
tuviéramos,spanish
tuviésemos,spanish
tuvo,spanish
tuya,spanish
tuyas,spanish
tuyo,spanish
tuyos,spanish
tú,spanish
un,spanish
una,spanish
uno,spanish
unos,spanish
vosotras,spanish
vosotros,spanish
vuestra,spanish
vuestras,spanish
vuestro,spanish
vuestros,spanish
y,spanish
ya,spanish
yo,spanish
él,spanish
éramos,spanish
alla,swedish
allt,swedish
att,swedish
av,swedish
blev,swedish
bli,swedish
blir,swedish
blivit,swedish
de,swedish
dem,swedish
den,swedish
denna,swedish
deras,swedish
dess,swedish
dessa,swedish
det,swedish
detta,swedish
dig,swedish
din,swedish
dina,swedish
ditt,swedish
du,swedish
där,swedish
då,swedish
efter,swedish
ej,swedish
eller,swedish
en,swedish
er,swedish
era,swedish
ert,swedish
ett,swedish
från,swedish
för,swedish
ha,swedish
hade,swedish
han,swedish
hans,swedish
har,swedish
henne,swedish
hennes,swedish
hon,swedish
honom,swedish
hur,swedish
här,swedish
i,swedish
icke,swedish
ingen,swedish
inom,swedish
inte,swedish
jag,swedish
ju,swedish
kan,swedish
kunde,swedish
man,swedish
med,swedish
mellan,swedish
men,swedish
mig,swedish
min,swedish
mina,swedish
mitt,swedish
mot,swedish
mycket,swedish
ni,swedish
nu,swedish
när,swedish
någon,swedish
något,swedish
några,swedish
och,swedish
om,swedish
oss,swedish
på,swedish
samma,swedish
sedan,swedish
sig,swedish
sin,swedish
sina,swedish
sitta,swedish
själv,swedish
skulle,swedish
som,swedish
så,swedish
sådan,swedish
sådana,swedish
sådant,swedish
till,swedish
under,swedish
upp,swedish
ut,swedish
utan,swedish
vad,swedish
var,swedish
vara,swedish
varför,swedish
varit,swedish
varje,swedish
vars,swedish
vart,swedish
vem,swedish
vi,swedish
vid,swedish
vilka,swedish
vilkas,swedish
vilken,swedish
vilket,swedish
vår,swedish
våra,swedish
vårt,swedish
än,swedish
är,swedish
åt,swedish
över,swedish
mu,turkish
onlar,turkish
seksen,turkish
ama,turkish
trilyon,turkish
buna,turkish
bizim,turkish
þeyden,turkish
yirmi,turkish
altý,turkish
iki,turkish
seni,turkish
doksan,turkish
dört,turkish
bunun,turkish
ki,turkish
nereye,turkish
altmýþ,turkish
hem,turkish
milyon,turkish
kez,turkish
otuz,turkish
beþ,turkish
elli,turkish
bizi,turkish
da,turkish
sekiz,turkish
ve,turkish
çok,turkish
bu,turkish
veya,turkish
ya,turkish
kýrk,turkish
onlarýn,turkish
ona,turkish
bana,turkish
yetmiþ,turkish
milyar,turkish
þunu,turkish
senden,turkish
birþeyi,turkish
dokuz,turkish
yani,turkish
kimi,turkish
þeyler,turkish
kim,turkish
neden,turkish
senin,turkish
yedi,turkish
niye,turkish
üç,turkish
þey,turkish
mý,turkish
tüm,turkish
onlari,turkish
bunda,turkish
ise,turkish
þundan,turkish
hep,turkish
þuna,turkish
bin,turkish
ben,turkish
ondan,turkish
kimden,turkish
bazý,turkish
belki,turkish
ne,turkish
bundan,turkish
gibi,turkish
de,turkish
onlardan,turkish
sizi,turkish
sizin,turkish
daha,turkish
niçin,turkish
þunda,turkish
INSERmi,turkish
bunu,turkish
beni,turkish
ile,turkish
þu,turkish
þeyi,turkish
sizden,turkish
defa,turkish
biz,turkish
için,turkish
dahi,turkish
siz,turkish
nerde,turkish
kime,turkish
birþey,turkish
birkez,turkish
her,turkish
biri,turkish
on,turkish
mü,turkish
diye,turkish
acaba,turkish
sen,turkish
en,turkish
hepsi,turkish
bir,turkish
bizden,turkish
sanki,turkish
benim,turkish
nerede,turkish
onu,turkish
benden,turkish
yüz,turkish
birkaç,turkish
çünkü,turkish
nasýl,turkish
hiç,turkish
katrilyon,turkish
a,ukrainian
б,ukrainian
в,ukrainian
г,ukrainian
е,ukrainian
ж,ukrainian
з,ukrainian
м,ukrainian
т,ukrainian
у,ukrainian
я,ukrainian
є,ukrainian
і,ukrainian
аж,ukrainian
ви,ukrainian
де,ukrainian
до,ukrainian
за,ukrainian
зі,ukrainian
ми,ukrainian
на,ukrainian
не,ukrainian
ну,ukrainian
нх,ukrainian
ні,ukrainian
по,ukrainian
та,ukrainian
ти,ukrainian
то,ukrainian
ту,ukrainian
ті,ukrainian
це,ukrainian
цю,ukrainian
ця,ukrainian
ці,ukrainian
чи,ukrainian
ще,ukrainian
що,ukrainian
як,ukrainian
їй,ukrainian
їм,ukrainian
їх,ukrainian
її,ukrainian
або,ukrainian
але,ukrainian
ало,ukrainian
без,ukrainian
був,ukrainian
вам,ukrainian
вас,ukrainian
ваш,ukrainian
вже,ukrainian
все,ukrainian
всю,ukrainian
вся,ukrainian
від,ukrainian
він,ukrainian
два,ukrainian
дві,ukrainian
для,ukrainian
ким,ukrainian
мож,ukrainian
моя,ukrainian
моє,ukrainian
мої,ukrainian
міг,ukrainian
між,ukrainian
мій,ukrainian
над,ukrainian
нам,ukrainian
нас,ukrainian
наш,ukrainian
нею,ukrainian
неї,ukrainian
них,ukrainian
ніж,ukrainian
ній,ukrainian
ось,ukrainian
при,ukrainian
про,ukrainian
під,ukrainian
пір,ukrainian
раз,ukrainian
рік,ukrainian
сам,ukrainian
сих,ukrainian
сім,ukrainian
так,ukrainian
там,ukrainian
теж,ukrainian
тим,ukrainian
тих,ukrainian
той,ukrainian
тою,ukrainian
три,ukrainian
тут,ukrainian
хоч,ukrainian
хто,ukrainian
цей,ukrainian
цим,ukrainian
цих,ukrainian
час,ukrainian
щоб,ukrainian
яка,ukrainian
які,ukrainian
адже,ukrainian
буде,ukrainian
буду,ukrainian
будь,ukrainian
була,ukrainian
були,ukrainian
було,ukrainian
бути,ukrainian
вами,ukrainian
ваша,ukrainian
ваше,ukrainian
ваші,ukrainian
весь,ukrainian
вниз,ukrainian
вона,ukrainian
вони,ukrainian
воно,ukrainian
всею,ukrainian
всім,ukrainian
всіх,ukrainian
втім,ukrainian
геть,ukrainian
далі,ukrainian
двох,ukrainian
день,ukrainian
дуже,ukrainian
зате,ukrainian
його,ukrainian
йому,ukrainian
каже,ukrainian
кого,ukrainian
коли,ukrainian
кому,ukrainian
крім,ukrainian
куди,ukrainian
лише,ukrainian
люди,ukrainian
мало,ukrainian
мати,ukrainian
мене,ukrainian
мені,ukrainian
миру,ukrainian
мною,ukrainian
може,ukrainian
нами,ukrainian
наша,ukrainian
наше,ukrainian
наші,ukrainian
ними,ukrainian
ніби,ukrainian
один,ukrainian
поки,ukrainian
пора,ukrainian
рано,ukrainian
року,ukrainian
році,ukrainian
сама,ukrainian
саме,ukrainian
саму,ukrainian
самі,ukrainian
свою,ukrainian
своє,ukrainian
свої,ukrainian
себе,ukrainian
собі,ukrainian
став,ukrainian
суть,ukrainian
така,ukrainian
таке,ukrainian
такі,ukrainian
твоя,ukrainian
твоє,ukrainian
твій,ukrainian
тебе,ukrainian
тими,ukrainian
тобі,ukrainian
того,ukrainian
тоді,ukrainian
тому,ukrainian
туди,ukrainian
хоча,ukrainian
хіба,ukrainian
цими,ukrainian
цієї,ukrainian
часу,ukrainian
чого,ukrainian
чому,ukrainian
який,ukrainian
яких,ukrainian
якої,ukrainian
якщо,ukrainian
ім'я,ukrainian
інша,ukrainian
інше,ukrainian
інші,ukrainian
буває,ukrainian
будеш,ukrainian
більш,ukrainian
вгору,ukrainian
вміти,ukrainian
внизу,ukrainian
вісім,ukrainian
давно,ukrainian
даром,ukrainian
добре,ukrainian
довго,ukrainian
друго,ukrainian
дякую,ukrainian
життя,ukrainian
зараз,ukrainian
знову,ukrainian
какая,ukrainian
кожен,ukrainian
кожна,ukrainian
кожне,ukrainian
кожні,ukrainian
краще,ukrainian
ледве,ukrainian
майже,ukrainian
менше,ukrainian
могти,ukrainian
можна,ukrainian
назад,ukrainian
немає,ukrainian
нижче,ukrainian
нього,ukrainian
однак,ukrainian
п'ять,ukrainian
перед,ukrainian
поруч,ukrainian
потім,ukrainian
проти,ukrainian
після,ukrainian
років,ukrainian
самим,ukrainian
самих,ukrainian
самій,ukrainian
свого,ukrainian
своєї,ukrainian
своїх,ukrainian
собою,ukrainian
справ,ukrainian
такий,ukrainian
також,ukrainian
тепер,ukrainian
тисяч,ukrainian
тобою,ukrainian
треба,ukrainian
трохи,ukrainian
усюди,ukrainian
усіма,ukrainian
хочеш,ukrainian
цього,ukrainian
цьому,ukrainian
часто,ukrainian
через,ukrainian
шість,ukrainian
якого,ukrainian
іноді,ukrainian
інший,ukrainian
інших,ukrainian
багато,ukrainian
будемо,ukrainian
будете,ukrainian
будуть,ukrainian
більше,ukrainian
всього,ukrainian
всьому,ukrainian
далеко,ukrainian
десять,ukrainian
досить,ukrainian
другий,ukrainian
дійсно,ukrainian
завжди,ukrainian
звідси,ukrainian
зовсім,ukrainian
кругом,ukrainian
кілька,ukrainian
людина,ukrainian
можуть,ukrainian
навіть,ukrainian
навіщо,ukrainian
нагорі,ukrainian
небудь,ukrainian
низько,ukrainian
ніколи,ukrainian
нікуди,ukrainian
нічого,ukrainian
обидва,ukrainian
одного,ukrainian
однієї,ukrainian
п'ятий,ukrainian
перший,ukrainian
просто,ukrainian
раніше,ukrainian
раптом,ukrainian
самими,ukrainian
самого,ukrainian
самому,ukrainian
сказав,ukrainian
скрізь,ukrainian
сьомий,ukrainian
третій,ukrainian
тільки,ukrainian
хотіти,ukrainian
чотири,ukrainian
чудово,ukrainian
шостий,ukrainian
близько,ukrainian
важлива,ukrainian
важливе,ukrainian
важливі,ukrainian
вдалині,ukrainian
восьмий,ukrainian
говорив,ukrainian
дев'ять,ukrainian
десятий,ukrainian
зайнята,ukrainian
зайнято,ukrainian
зайняті,ukrainian
занадто,ukrainian
значить,ukrainian
навколо,ukrainian
нарешті,ukrainian
нерідко,ukrainian
повинно,ukrainian
посеред,ukrainian
початку,ukrainian
пізніше,ukrainian
сказала,ukrainian
сказати,ukrainian
скільки,ukrainian
спасибі,ukrainian
частіше,ukrainian
важливий,ukrainian
двадцять,ukrainian
дев'ятий,ukrainian
зазвичай,ukrainian
зайнятий,ukrainian
звичайно,ukrainian
здається,ukrainian
найбільш,ukrainian
не можна,ukrainian
недалеко,ukrainian
особливо,ukrainian
потрібно,ukrainian
спочатку,ukrainian
сьогодні,ukrainian
численна,ukrainian
численне,ukrainian
численні,ukrainian
відсотків,ukrainian
двадцятий,ukrainian
звідусіль,ukrainian
мільйонів,ukrainian
нещодавно,ukrainian
прекрасно,ukrainian
четвертий,ukrainian
численний,ukrainian
будь ласка,ukrainian
дванадцять,ukrainian
одинадцять,ukrainian
сімнадцять,ukrainian
тринадцять,ukrainian
безперервно,ukrainian
дванадцятий,ukrainian
одинадцятий,ukrainian
одного разу,ukrainian
п'ятнадцять,ukrainian
сімнадцятий,ukrainian
тринадцятий,ukrainian
шістнадцять,ukrainian
вісімнадцять,ukrainian
п'ятнадцятий,ukrainian
чотирнадцять,ukrainian
шістнадцятий,ukrainian
вісімнадцятий,ukrainian
дев'ятнадцять,ukrainian
чотирнадцятий,ukrainian
дев'ятнадцятий,ukrainian
